Review,Aspect
Boils water in just over a minute! This coffee pot is a lifesaver for quick brewing.,Use Efficiency
The compact size of this organizer surprised me. Efficiently tracks all my everyday essentials.,Use Efficiency
"These sheets might be small, but their absorption speed is incredible! Makes cleaning a breeze.",Use Efficiency
This tea infuser brews a perfect cup in no time. An efficient way to enjoy a relaxing tea break.,Use Efficiency
"This phone charger is a beast! Charges my devices lightning fast, saving me a lot of waiting time.",Use Efficiency
Quick and easy setup with this new software. It streamlines tasks and makes everything efficient.,Use Efficiency
"The cooking timer works like a charm, alerts me promptly without any delay, very efficient.",Use Efficiency
"With this vacuum, cleaning is a breeze. Efficiently picks up dirt and dust in no time.",Use Efficiency
"The toaster heats up in seconds, making breakfast prep efficient even on busy mornings.",Use Efficiency
"These containers stack up efficiently, maximizing my pantry space brilliantly.",Use Efficiency
Surprised by how fast this camera captures moments. The picture quality is great and the speed is a plus.,Use Efficiency
"A dishwasher detergent that dissolves quickly and efficiently, leaving dishes sparkling clean.",Use Efficiency
The quick-charging power bank is a lifesaver for long days on the move.,Use Efficiency
"Clean, portable campfires are convenient but might not suit larger gatherings.",Use Efficiency
Recycled plastic patio furniture looks good but feels flimsier than expected.,Use Efficiency
"Beehive supplies seem practical, but I haven't seen significant results yet.",Use Efficiency
"Sustainable coffee tastes alright, but it's not the most flavorful I've tried.",Use Efficiency
"Repurposed vegetable waste in products seems innovative, but I'm unsure about its actual impact.",Use Efficiency
"Recycled activewear is comfortable, yet it doesn't offer much in terms of style.",Use Efficiency
Sustainable yoga gear is average in quality compared to other yoga equipment.,Use Efficiency
Sportswear made from recycled plastic feels alright but lacks the breathability I prefer.,Use Efficiency
"Personal care without harmful chemicals seems standard, not much different from regular products.",Use Efficiency
"Dental care without unnecessary waste seems like a good idea, but the execution feels average.",Use Efficiency
Beauty products that reduce single-use plastic are okay but haven't wowed me in terms of effectiveness.,Use Efficiency
Body goods from nature feel natural but don't deliver exceptional results.,Use Efficiency
"A sustainable solution to glassware seems fine, though it's quite similar to regular glassware.",Use Efficiency
Reusable utensils and straws are practical but didn't exceed my expectations.,Use Efficiency
Alternatives to single-use plastic wrap are alright but seem a bit complicated to use.,Use Efficiency
"Toys that protect the planet are a novel idea, but they lack durability.",Use Efficiency
"Plant-based food supporting animal rescue tastes okay, but it's not my preferred flavor.",Use Efficiency
Clean candles that give back are decently scented but burn out faster than I anticipated.,Use Efficiency
"Ethically produced bags are well-made, but they're not very different from others I've owned.",Use Efficiency
Socks that reduce plastic waste are comfortable but don't feel particularly special.,Use Efficiency
The recycled plastic eyewear looks good but doesn't feel as durable as I hoped.,Use Efficiency
"Environmentally friendly paper products are alright, but they don't feel very different from regular ones.",Use Efficiency
"Natural toys seem interesting, but they lack the durability I expected.",Use Efficiency
"Creative eco-kits are a novel idea, but they don't offer enough variety.",Use Efficiency
Pet treats made from food waste have a weird smell and didn't appeal to my pet.,Use Efficiency
Ethical basics feel cheaply made and don't last long.,Use Efficiency
Recycled cotton clothing shrinks and loses shape after the first wash.,Use Efficiency
Small-batch apparel's quality doesn't justify the high price tag.,Use Efficiency
Gardening supplies are not durable; they broke after a few uses.,Use Efficiency
"Clean, portable campfires are unreliable and difficult to light.",Use Efficiency
Recycled plastic patio furniture looks good but collapses easily.,Use Efficiency
Beehive supplies are ineffective; they didn't work as described.,Use Efficiency
Sustainable coffee tastes terrible and doesn't even resemble coffee.,Use Efficiency
Repurposed vegetable waste in products smells odd and feels unpleasant.,Use Efficiency
Recycled activewear tears easily and doesn't hold up during workouts.,Use Efficiency
Sustainable yoga gear lacks support and feels uncomfortable.,Use Efficiency
Plant-based food supporting animal rescue tastes bland and unappetizing.,Use Efficiency
Clean candles that give back have an odd smell and don't burn evenly.,Use Efficiency
Ethically produced bags are flimsy and tear easily.,Use Efficiency
Socks that reduce plastic waste are uncomfortable and shrink after washing.,Use Efficiency
"The compostable audio accessories provide crisp sound and feel great, plus they're eco-friendly!",Use Efficiency
Solar energy devices have been a game-changer; they work efficiently and have drastically cut my energy bills.,Use Efficiency
Sustainable office accessories not only look stylish but are also functional and durable; a perfect addition to my workspace.,Use Efficiency
"Vegan pet accessories are not just ethical but also well-made, my furry friend loves them!",Use Efficiency
Pet toys made from recycled plastic bottles are sturdy and keep my pet entertained for hours.,Use Efficiency
Pet treats made from food waste are guilt-free and my pet adores them!,Use Efficiency
"Ethical basics are comfortable, stylish, and guilt-free fashion feels amazing to wear.",Use Efficiency
Recycled cotton clothing is not only sustainable but also incredibly soft and durable.,Use Efficiency
Small-batch apparel feels exclusive and has a unique charm to it.,Use Efficiency
"Gardening supplies are top-notch, making my gardening experience hassle-free.",Use Efficiency
"Clean, portable campfires have made outdoor evenings magical without any hassle.",Use Efficiency
Recycled plastic patio furniture looks fantastic and is surprisingly durable.,Use Efficiency
"Beehive supplies have helped me start my own hive easily, and they're eco-friendly too!",Use Efficiency
Sustainable coffee tastes amazing and supports ethical farming practices.,Use Efficiency
Repurposed vegetable waste in products feels innovative and environment-friendly.,Use Efficiency
Recycled activewear is trendy and holds up well during workouts.,Use Efficiency
Sustainable yoga gear is comfortable and supports my practice perfectly.,Use Efficiency
Sportswear made from recycled plastic feels great on the skin and looks stylish too.,Use Efficiency
Personal care without harmful chemicals has greatly improved my skin health.,Use Efficiency
Dental care without unnecessary waste feels refreshing and contributes to a greener environment.,Use Efficiency
Beauty products that reduce single-use plastic are effective and eco-conscious.,Use Efficiency
Body goods from nature feel luxurious and have improved my skin texture.,Use Efficiency
A sustainable solution to glassware is elegant and environmentally responsible.,Use Efficiency
Reusable utensils and straws are convenient and help reduce plastic waste.,Use Efficiency
Alternatives to single-use plastic wrap are easy to use and keep food fresh.,Use Efficiency
Toys that protect the planet are sturdy and encourage eco-conscious play.,Use Efficiency
Plant-based food supporting animal rescue tastes delicious and supports a good cause.,Use Efficiency
Clean candles that give back smell heavenly and support charitable causes.,Use Efficiency
Ethically produced bags are stylish and durable; perfect for everyday use.,Use Efficiency
Socks that reduce plastic waste are comfortable and environmentally friendly.,Use Efficiency
The compostable audio accessories deliver excellent sound quality and are guilt-free.,Use Efficiency
Solar energy devices are a fantastic investment; they've significantly cut down my energy costs.,Use Efficiency
Sustainable office accessories are not only stylish but also incredibly durable.,Use Efficiency
Vegan pet accessories are ethically made and beloved by my furry companion.,Use Efficiency
Pet toys crafted from recycled plastic bottles are durable and keep my pet entertained.,Use Efficiency
Pet treats made from food waste are a guilt-free delight for my pet.,Use Efficiency
Ethical basics offer both comfort and style while being environmentally conscious.,Use Efficiency
"Recycled cotton clothing feels soft, looks great, and supports sustainability.",Use Efficiency
Small-batch apparel feels unique and adds a special touch to my wardrobe.,Use Efficiency
"Gardening supplies I purchased are high-quality, making my gardening a breeze.",Use Efficiency
"Clean, portable campfires have made my outdoor experiences magical.",Use Efficiency
Recycled plastic patio furniture is durable and looks fantastic in my garden.,Use Efficiency
Beehive supplies have helped kickstart my beekeeping hobby sustainably.,Use Efficiency
"Sustainable coffee is not just ethical but also has a rich, flavorful taste.",Use Efficiency
Repurposed vegetable waste products are innovative and environmentally friendly.,Use Efficiency
Recycled activewear feels comfortable and durable during workouts.,Use Efficiency
Sustainable yoga gear enhances my practice and is eco-friendly.,Use Efficiency
Sportswear made from recycled plastic is stylish and environmentally conscious.,Use Efficiency
Personal care items without harmful chemicals have improved my skin's health.,Use Efficiency
Dental care products without unnecessary waste feel refreshing and eco-conscious.,Use Efficiency
Beauty items that reduce single-use plastic are effective and eco-friendly.,Use Efficiency
Body goods sourced from nature feel luxurious and nourishing for the skin.,Use Efficiency
A sustainable solution to glassware is elegant and eco-responsible.,Use Efficiency
Reusable utensils and straws make dining convenient while reducing waste.,Use Efficiency
Alternatives to single-use plastic wrap keep food fresh without environmental impact.,Use Efficiency
Toys that protect the planet are sturdy and encourage eco-friendly play.,Use Efficiency
Plant-based food supporting animal rescue is not just delicious but also supports a good cause.,Use Efficiency
Clean candles that give back fill my space with delightful scents and support charity.,Use Efficiency
"Ethically produced bags are durable and stylish, perfect for everyday use.",Use Efficiency
Environmentally friendly paper products are sustainable and reliable.,Use Efficiency
The compostable audio accessories offer standard sound quality for everyday use.,Use Efficiency
The solar energy devices function adequately but didn't exceed my expectations.,Use Efficiency
Sustainable office accessories serve their purpose without any standout features.,Use Efficiency
The vegan pet accessories are average in terms of durability and design.,Use Efficiency
"Pet toys made from recycled plastic bottles are decent, though not exceptional.",Use Efficiency
"The pet treats made from food waste are alright, but my pet's reaction is mixed.",Use Efficiency
"Ethical basics provide average comfort and style, meeting basic expectations.",Use Efficiency
Recycled cotton clothing is satisfactory but lacks uniqueness in design.,Use Efficiency
The small-batch apparel feels like any other clothing in terms of quality.,Use Efficiency
The gardening supplies are functional but don't offer any extra convenience.,Use Efficiency
"Clean, portable campfires work as described but lack an extraordinary edge.",Use Efficiency
Recycled plastic patio furniture serves its purpose without any exceptional features.,Use Efficiency
Beehive supplies are standard and meet the necessary requirements for beekeeping.,Use Efficiency
Sustainable coffee tastes okay but lacks a distinctive flavor.,Use Efficiency
Repurposed vegetable waste products perform adequately but lack innovation.,Use Efficiency
Recycled activewear feels like regular activewear in terms of quality and comfort.,Use Efficiency
"Sustainable yoga gear is decent, but nothing sets it apart from other options.",Use Efficiency
Sportswear made from recycled plastic offers average quality and design.,Use Efficiency
Personal care items without harmful chemicals work as expected without any standout benefits.,Use Efficiency
Dental care products without unnecessary waste function like typical dental products.,Use Efficiency
Beauty items that reduce single-use plastic are standard in performance.,Use Efficiency
Body goods sourced from nature feel average in terms of nourishment for the skin.,Use Efficiency
A sustainable solution to glassware serves its purpose without any notable features.,Use Efficiency
Reusable utensils and straws are functional but lack exceptional durability.,Use Efficiency
Alternatives to single-use plastic wrap work fine but aren't notably different.,Use Efficiency
Toys that protect the planet are average in terms of durability and play value.,Use Efficiency
Plant-based food supporting animal rescue tastes okay but lacks variety.,Use Efficiency
Clean candles that give back offer standard scents without any unique qualities.,Use Efficiency
Ethically produced bags are functional but lack standout features.,Use Efficiency
Environmentally friendly paper products are as expected in terms of performance,Use Efficiency
The compostable audio accessories perform adequately but lack exceptional sound quality.,Use Efficiency
Solar energy devices offer average efficiency without exceeding standard expectations.,Use Efficiency
Sustainable office accessories function as expected without any extraordinary features.,Use Efficiency
The vegan pet accessories are decent but lack unique design elements.,Use Efficiency
Pet toys made from recycled plastic bottles are satisfactory but not exceptionally durable.,Use Efficiency
Pet treats made from food waste offer standard taste and nutrition for pets.,Use Efficiency
Ethical basics provide average comfort and style without standing out in any way.,Use Efficiency
Recycled cotton clothing feels similar to regular clothing in terms of quality and design.,Use Efficiency
The small-batch apparel seems like standard clothing without distinct features.,Use Efficiency
Gardening supplies are functional but lack additional conveniences.,Use Efficiency
"Clean, portable campfires work fine but lack extraordinary characteristics.",Use Efficiency
Recycled plastic patio furniture serves its purpose without any unique aspects.,Use Efficiency
Beehive supplies are standard and function adequately for beekeeping.,Use Efficiency
Sustainable coffee tastes alright but doesn't have a remarkable flavor.,Use Efficiency
Repurposed vegetable waste products perform decently without any exceptional attributes.,Use Efficiency
Recycled activewear feels similar to regular activewear in terms of comfort and quality.,Use Efficiency
The recycled patio furniture is sturdy and doesn't fade in the sun.,Use Efficiency
Sustainable coffee tastes amazing and brews quickly in my machine.,Use Efficiency
The sustainable yoga gear is comfortable and long-lasting.,Use Efficiency
The reusable makeup remover pads are gentle on the skin and easy to clean.,Use Efficiency
The lip care products are made with natural ingredients and keep my lips moisturized for a long time.,Use Efficiency
"The small-batch apparel feels luxurious and lasts a long time, worth the investment.",Use Efficiency
The pet treats made from food waste are a hit with my furry friend and are guilt-free.,Use Efficiency
"The ethical pet products are reliable, and it feels good supporting an ethical brand.",Use Efficiency
"The beekeeping supplies are top-notch, making the process easier and more efficient.",Use Efficiency
Body goods from nature are refreshing and feel nourishing on the skin.,Use Efficiency
A sustainable solution to glassware keeps drinks cold longer and looks elegant.,Use Efficiency
The toothbrush from dental care without unnecessary waste feels sturdy and cleans effectively.,Use Efficiency
The eco-friendly foods taste fresh and have a longer shelf life.,Use Efficiency
"The sustainable office accessories are stylish and functional, improving my workspace.",Use Efficiency
The sportswear made from recycled plastic offers excellent performance and feels great to wear.,Use Efficiency
The beauty products that reduce single-use plastic packaging are fantastic and efficient.,Use Efficiency
The environmentally friendly paper products are durable and absorbent.,Use Efficiency
The clean candles that give back smell amazing and last a long time.,Use Efficiency
The gardening supplies are of high quality and make gardening easier and more enjoyable.,Use Efficiency
The alternative to single-use plastic wrap is durable and keeps food fresh for a longer time.,Use Efficiency
The ethically produced bags are spacious and perfect for everyday use.,Use Efficiency
"The creative eco-kits are fun and educational, providing hours of entertainment.",Use Efficiency
"The recycled cotton clothing is soft, breathable, and fits well.",Use Efficiency
The plant-based food supporting animal rescue tastes great and cooks quickly.,Use Efficiency
"The clean, portable campfires are convenient and heat up quickly, perfect for outdoor gatherings.",Use Efficiency
The recycled activewear was comfortable but didn't stand out in terms of performance.,Use Efficiency
The compostable audio accessories seemed like a good idea but weren't significantly different from regular ones.,Use Efficiency
"The recycled patio furniture looked nice, but the durability is yet to be tested.",Use Efficiency
"Sustainable coffee tasted okay, but I've had better-tasting blends.",Use Efficiency
"The small-batch apparel felt average in quality, not bad, but not exceptional either.",Use Efficiency
"The pet toys made from recycled plastic bottles were decent, but my pet didn't show much interest.",Use Efficiency
"Ethical basics clothing line seemed fine, but the style didn't match my preference.",Use Efficiency
"The recycled cotton clothing felt like any regular fabric, not too different.",Use Efficiency
"The sustainable yoga gear looked good, but the fit wasn't perfect for me.",Use Efficiency
"The eco-friendly foods were alright, nothing extraordinary in taste or quality.",Use Efficiency
The body goods from nature were average in terms of fragrance and effectiveness.,Use Efficiency
The toothbrush from dental care without unnecessary waste was just like any other toothbrush.,Use Efficiency
The environmentally friendly paper products served their purpose but weren't outstanding.,Use Efficiency
The clean candles that give back smelled nice but didn't last as long as expected.,Use Efficiency
The beauty products that reduce single-use plastic were standard in their application and feel.,Use Efficiency
The ergonomic layout of the TV remote makes it comfortable and easy to use.,Ergonomics
"The soft, padded armrests on the office chair increase comfort during work hours.",Ergonomics
The grooved design of the toothbrush handle ensures a comfortable and secure grip.,Ergonomics
The contoured shape of the gaming mouse provides a more comfortable gaming experience.,Ergonomics
The adjustable straps on the backpack distribute weight evenly for a more comfortable fit.,Ergonomics
The padded handlebar grips on the bicycle provide a comfortable hold while riding.,Ergonomics
The ergonomic design of the cooking utensils makes handling hot pots and pans more comfortable.,Ergonomics
"The soft, cushioned seating of the couch ensures a comfortable lounging experience.",Ergonomics
The angled design of the laptop stand creates a more comfortable viewing angle.,Ergonomics
The curved design of the water bottle fits comfortably in hand during workouts.,Ergonomics
The padded wrist rest on the keyboard offers added comfort during typing sessions.,Ergonomics
The handles on the gardening shears are ergonomically designed for comfortable pruning.,Ergonomics
The chair's cushioned armrests make it incredibly comfortable during long work hours.,Ergonomics
"This mouse feels incredibly easy on the hand, reducing strain during extended use.",Ergonomics
"Despite its size, the backpack is surprisingly comfortable to carry, thanks to its padded straps.",Ergonomics
"The contoured car seat offers a comfortable driving experience, even during extended trips.",Ergonomics
Using the standing desk has been surprisingly comfortable and has improved my posture.,Ergonomics
The knife's ergonomic handle makes it easy and comfortable to use for chopping.,Ergonomics
The yoga mat's textured surface adds comfort and makes challenging poses easier.,Ergonomics
"The travel mug's handle is designed for an easy, comfortable grip on the go.",Ergonomics
This laptop stand is incredibly comfortable and makes typing for hours a breeze.,Ergonomics
Adjusting the bike's seat makes it easy to find a comfortable riding position.,Ergonomics
The controller's ergonomic design ensures a comfortable and easy gaming experience.,Ergonomics
This office chair's lumbar support is incredibly comfortable for long workdays.,Ergonomics
The headphones' padded headband ensures an easy and comfortable fit.,Ergonomics
Using these gardening tools is a breeze with their ergonomically designed handles.,Ergonomics
Typing feels more comfortable and easy thanks to the keyboard's angled design.,Ergonomics
Pouring hot liquids is easier and more comfortable with the kettle's ergonomic handle.,Ergonomics
"Walking in these shoes is incredibly comfortable, thanks to their cushioned insoles.",Ergonomics
The spoon's curved handle makes stirring and scooping food incredibly comfortable.,Ergonomics
The TV remote's ergonomic layout makes it easy and comfortable to use.,Ergonomics
These office chair's padded armrests make long hours at the desk comfortable.,Ergonomics
The toothbrush's grooved handle makes it easy and comfortable to grip.,Ergonomics
Gaming feels more comfortable and easy with the mouse's contoured shape.,Ergonomics
The backpack's adjustable straps ensure a comfortable and easy fit for any load.,Ergonomics
"Riding this bike is comfortable, especially with the padded handlebar grips.",Ergonomics
Cooking is easy and comfortable with these ergonomically designed utensils.,Ergonomics
"Lounging on this couch is incredibly comfortable with its soft, cushioned seating.",Ergonomics
The laptop stand's angled design provides a comfortable and easy viewing angle.,Ergonomics
The water bottle's curved design fits comfortably in hand during workouts.,Ergonomics
Typing is more comfortable with the keyboard's padded wrist rest.,Ergonomics
Pruning plants is comfortable and easy with these ergonomic gardening shears.,Ergonomics
The cushioning on this gardening kneeler is average; it provides basic comfort but nothing extraordinary.,Ergonomics
Using this pen is okay; it's not the most comfortable for longer writing sessions.,Ergonomics
The design of this spatula is standard; it works fine but doesn't offer exceptional comfort during use.,Ergonomics
The grip on this car seat is moderate; it's functional but not the most comfortable for long drives.,Ergonomics
This computer mouse is average; it's not particularly comfortable for extended use.,Ergonomics
The surface of this yoga mat is standard; it offers decent comfort but nothing remarkable.,Ergonomics
The ergonomic features on this pillow are average; it provides moderate comfort for sleeping.,Ergonomics
"This standing desk converter is functional, but the height adjustment isn't the most intuitive.",Ergonomics
"The grip on these garden shears is decent; it's not uncomfortable, but it could be more ergonomic.",Ergonomics
"The design of this backpack is practical, but the straps aren't exceptionally comfortable for heavy loads.",Ergonomics
Using this keyboard feels standard; it's neither notably comfortable nor uncomfortable.,Ergonomics
"The size of this travel mug is fine, but the handle could be more comfortable to hold.",Ergonomics
"These cooking utensils work adequately, but the handles lack the expected comfort.",Ergonomics
The cushioning on this sofa is okay; it offers basic comfort without being outstanding.,Ergonomics
"This laptop stand does the job, but adjusting it for various positions isn't as smooth or comfortable.",Ergonomics
The grip on this stylus is average; it serves its purpose but could be more comfortable.,Ergonomics
"The design of these scissors is functional, but they aren't the most comfortable for extended use.",Ergonomics
The handle on this luggage set is average; it's neither exceptionally comfortable nor uncomfortable.,Ergonomics
The design of this toothbrush is standard; it works but doesn't provide exceptional comfort.,Ergonomics
This office chair feels average; it's suitable for short periods but not for extended sitting.,Ergonomics
The cushioning on this gardening kneeler is standard; it gives basic comfort without extra features.,Ergonomics
Using this pen is alright; it's not the most comfortable for prolonged writing.,Ergonomics
The design of this spatula is functional but lacks exceptional comfort during use.,Ergonomics
The grip on this car steering wheel cover is moderate; it's functional without being overly comfortable.,Ergonomics
The surface of this yoga mat is standard; it offers decent comfort without anything extraordinary.,Ergonomics
The ergonomic features on this office chair are okay; it provides basic comfort but could be improved.,Ergonomics
This chair's design is subpar; it's not comfortable and feels awkward to sit in for long periods.,Ergonomics
The grip on these gardening tools is terrible; it's not comfortable and feels awkward in hand.,Ergonomics
Using this keyboard is uncomfortable; the keys feel awkward and not easy to type on.,Ergonomics
The handle on this luggage set is awkward to hold; it's not comfortable and feels odd.,Ergonomics
The cushioning on this sofa is inadequate; it's uncomfortable and feels awkward when sitting.,Ergonomics
The design of this toothbrush is awkward; it doesn't feel comfortable in hand while brushing.,Ergonomics
This standing desk converter feels awkward to use; the adjustments aren't comfortable.,Ergonomics
The grip on this stylus is awkward; it's not comfortable to hold for long periods.,Ergonomics
Using this computer mouse feels awkward; it's uncomfortable and not easy to maneuver.,Ergonomics
The handle on these garden shears is awkward to hold; it's not comfortable during use.,Ergonomics
The ergonomic features on this office chair are inadequate; it's uncomfortable to sit in for extended periods.,Ergonomics
This travel mug feels awkward to hold; the handle isn't comfortable to grip.,Ergonomics
The cushioning on this gardening kneeler is inadequate; it's uncomfortable to kneel on for long.,Ergonomics
Using this pen is awkward; it's not comfortable and feels odd while writing.,Ergonomics
The grip on this steering wheel cover is subpar; it's uncomfortable and feels awkward to hold.,Ergonomics
The design of this spatula is uncomfortable; it's awkward to use and not ergonomic.,Ergonomics
This laptop stand is awkward to adjust; it's not comfortable and feels clumsy.,Ergonomics
The surface of this yoga mat is uncomfortable; it's not easy to use and feels awkward during practice.,Ergonomics
The grip on these cooking utensils is inadequate; it's uncomfortable and feels awkward in hand.,Ergonomics
This ergonomic office chair is awkward; it's not comfortable and feels odd to sit in.,Ergonomics
"I only tried once and it wasn't the ideal scenario. Kinda low creek. Kinda rocky, muddy shoreline. Couldn't lay down or crouch really easily. You have to get way down to use so unless it is a certain scenario, it is not ideal. Plus there is a kinda counter suction that empties the well out when you're done or something but you do have to suck to pull water. I wish there was a counterweighted hose filter that pulls water out of the creek and fills a container if that makes sense.",Ergonomics
"These arrived well packaged and look like they're good quality, but upon trying them I realized they're not for me. Maybe it's just because I have a small mouth /and/ my teeth are sensitive... but the brush felt bulky and uncomfortable in my mouth and tasted a little odd. Just not my thing.",Ergonomics
"Sure these are soft and washable makeup removal pads, but they don't have any added texture (on one or both sides) for a soft exfoliating feel after the makeup is removed. They are too flimsy to hold their shape making them difficult to use.",Ergonomics
"These bamboo containers are beautiful but they break easily. I was so happy with the purchase, look great and are easily to clean. Since I bought them 2 have broken! They just slipped out of my hand and shattered. They are very slippery when washing them by hand. I have another type of glass containers and they have slipped out of my hand but have not shattered as the bamboo does. They just break too easily. I would not buy them again. They are pretty but break too fast.",Ergonomics
"So this TP is better than some other ones we've tried (Who Gives a Crap), but it is certainly not a charmin or a cottonelle. It is thinner than either of those two popular brands, but it's better for the environment so that is the trade off. Overall it's pretty good, we will probably continue to use it.",Ergonomics
"This is a handy and creative device. I dont know how well it works for mucus. I bought it to dab eyes. It does a decent job at that and the holder is good at its job. They could be a little softer for eye use but I think they will soften with use and washing. I cant say how these would treat your nose if you were really sick. For day to day use though, great idea.",Ergonomics
"I have rhinitis (just means my nose drips all the time - not mucus, just drips), so I moved away from disposables years ago. I have a hankie in a pocket of most of my clothes that have pockets. I have some beautiful designer hankies, but I also like plain, white, small ones that don't take up much space. I also prefer things that are organic, so I was excited to find these. These are a great size and pretty functional. However, the fabric is just a little thick for folding and using. I waited to write this until I washed them a couple times to see if they would soften up, but they haven't so far. I do use them, but I prefer the thinner fabric of Vermont Country Store's Women's Embroidered Cotton Handkerchiefs, Set Of 12 in white, 11"" square. I wish I had a combo of these two: the smaller, unembroidered organic cotton ""tissues,"" in a slightly thinner fabric. I'm being generous with a 4* - I wouldn't buy them again unless they make a thinner fabric.",Ergonomics
The little holder is nice but is too big for a pocket and the clothes are rough and tiny. I don't think they are worth the money at all. I will cut up some flannel and make it work. These are very hard on the nose.,Ergonomics
"I’m looking for a reusable handkerchief for women. This would be ok in a pinch, but for everyday doesn’t work for me. It. Even after washing is pretty rough. I’d just like to help the environment by not using so much one use tissue.",Ergonomics
I wanted to find an eco-friendly alternative to biros and am very happy with the smoothness and quality of the black ink as well as the comfortable grip you can get on these pens. Nice to see outer packaging that is completely recyclable too.,Ergonomics
"I had bought a very similar product and been very impressed, probably didn't notice this was a different brand...these are short, much shorter than the others, and run dry in short order. The concept is good and they're not bad to hold, pity to skimp.",Ergonomics
Comfort is not good when you use a lot they are slippery to keep a hold of and the start to come apart quickly.,Ergonomics
This bag isn’t long enough to fit over the edges of our 13 gallon trash can (Kholer from Costco). The bag falls completely inside the can when garbage is added.,Ergonomics
Nice idea but the top is heavier and that’s why it’s flipping around,Ergonomics
"I found this floss an excellent replacement for the plastic wax floss I used to buy. The crest floss I have used for years used to snap occasionally, but this floss, despite being thinner and feeling finer, hasn't broken once yet. I've only used it for a couple months though, so months vs years is hardly a good comparison. The flavor is light, more like a hint of mint. I don't have any issues sliding between my teeth. Actually being thinner, it's a litter easier to use. Overall I feel it works just as well as the plastic floss. Only a minor concern is the spot where the floss comes out of the top of the bottle is right next to the metal sliver so you have this super tiny thread just sticking out. It's not terrible to keep it from falling back in the bottle, but it does happen. I have started pulling extra out to lay onto before snapping off a length of floss to give me more floss to pin with my thumb when I go to use it again.",Ergonomics
"I'm not a fan of this brand. These are not soft brushes. So, if your teeth are sensitive, stay away. Also, the wood cracks easily, and you can come away with a small bunch of bristles in your mouth. The durability is unreliable. Not good quality.",Ergonomics
"These bandaids are very soft and definitely for sensitive skin. They are also easy to remove, in fact TOO easy to remove. Wash your hands once and say goodbye to that bandaid you put on 20 min ago. I wish they would improve the adhesive on these because it is terrible.",Ergonomics
"They appear well made which is why they got two stars at all. These are the ""lunch"" size bags. The opening was not wide enough to get a sandwich in the bag. And they",Ergonomics
"I tried it once, not an ideal scenario. Low creek, rocky, muddy shoreline. Difficult to use unless in specific conditions. Suction empties well after use, but sucking required to pull water. Counterweighted hose filter would be a better option.",Ergonomics
"The brushes arrived well packaged and look good, but felt bulky and uncomfortable in my small mouth. Not my preference.",Ergonomics
"Soft makeup removal pads but lack texture for exfoliation. Too flimsy, difficult to use.",Ergonomics
"Beautiful bamboo containers, but fragile. Slippery, broke easily when washing.",Ergonomics
"Better than some brands but thinner. Environmentally friendly, but not as soft as popular brands.",Ergonomics
"Handy device for eye dabbing, but could be softer. Works decently for daily use.",Ergonomics
"Organic cotton tissues, functional but thick fabric. Prefer thinner fabric.",Ergonomics
"Tiny holder, rough clothes, not worth the money. Hard on the nose.",Ergonomics
"Rough, not suitable for everyday use. Aiming to reduce one-use tissue consumption.",Ergonomics
"Happy with eco-friendly pens. Smooth ink, comfortable grip, and recyclable packaging.",Ergonomics
"Shorter product, runs dry quickly. Comfort is compromised, prone to quick damage.",Ergonomics
"Trash bag not long enough, falls inside the trash can when garbage is added.",Ergonomics
"Top of the product is heavy and flips around, considering a return.",Ergonomics
"Difficulty fitting in the coffee maker, design flaws hinder usage.",Ergonomics
Toothbrush bristles hard at the start but soften over time. Occasional bristle shedding during use.,Ergonomics
"Thin metal tube part dents easily, requires caution while cleaning.",Ergonomics
"Exceeded expectations, smooth ink, durable pen tube, a minor issue with the pen cap.",Ergonomics
"Excellent replacement for plastic wax floss. Thin and easy to use, minor bottle issue.",Ergonomics
"Not soft brushes, cracks easily, unreliable durability. Not recommended for sensitive teeth.",Ergonomics
Soft bandaids for sensitive skin but easy to remove. Poor adhesive quality.,Ergonomics
"Lunch-size bags too small for sandwiches, opening not wide enough. Spots and film after dishwashing.",Ergonomics
"The reusable bags are a game-changer! They're spacious and have sturdy handles, making them incredibly ergonomic for carrying groceries. No more discomfort from flimsy bags.",Ergonomics
"Recycled plastic eyewear: While stylish, these glasses could improve in terms of comfort. They feel slightly tight around the temples after prolonged wear.",Ergonomics
"Environmentally friendly paper products: The texture is gentle, but I wish they were a bit thicker. They tend to tear easily, which affects their usability.",Ergonomics
"Natural toys: These toys are fantastic! They're designed ergonomically, fitting perfectly in little hands and encouraging imaginative play.",Ergonomics
"Creative eco-kits: The components are well-organized, but assembling them can be a bit awkward due to the packaging design.",Ergonomics
"Reusable paper towels: Great for the environment, but they lack softness and are somewhat thin, affecting their ergonomic use for spills.",Ergonomics
"Upcycled toilet paper: Though commendable for sustainability, the texture is too rough, compromising comfort.",Ergonomics
"Bamboo cutlery and dishes: The cutlery feels comfortable to hold, but the dishes are a bit bulky, making storage slightly challenging.",Ergonomics
"Biodegradable utensils: The utensils are lightweight and easy to use, but they tend to break easily, affecting their usability.",Ergonomics
"Stainless steel straws: While durable, the lack of a silicone tip makes them uncomfortable to sip from.",Ergonomics
"Laundry detergent sheets: Convenient and space-saving, but they're quite thin and dissolve too quickly, affecting their effectiveness.",Ergonomics
"Food waste reducers like composters: While efficient, they are somewhat bulky and require a fair amount of space, making placement a bit challenging.",Ergonomics
"Reusable bags: The new designs are a revelation! They're ergonomic, with wider straps that ease the weight on the shoulders, making shopping a breeze.",Ergonomics
"Recycled plastic eyewear: These glasses are stylish and surprisingly lightweight, though they do tend to feel a bit snug around the ears after extended wear.",Ergonomics
"Environmentally friendly paper products: While gentle to the touch, they could be more durable. They tear easily, compromising their ergonomic use.",Ergonomics
"Natural toys: Perfectly sized for tiny hands, these toys are ergonomically designed, fostering imaginative play without causing discomfort.",Ergonomics
"Creative eco-kits: Though organized, assembling them can be slightly cumbersome due to the packaging's design.",Ergonomics
"Reusable paper towels: Great for sustainability, yet lacking softness and thickness. Their ergonomic use for spills is somewhat compromised.",Ergonomics
"Upcycled toilet paper: While environmentally conscious, the texture is a tad rough, impacting comfort during use.",Ergonomics
"Bamboo cutlery and dishes: Comfortable cutlery, but the dishes are a bit bulky, making storage a minor challenge.",Ergonomics
"Biodegradable utensils: Lightweight and easy to use, but they break easily, affecting their practicality.",Ergonomics
"Stainless steel straws: Durable, yet without a silicone tip, they're not as comfortable for sipping.",Ergonomics
"Laundry detergent sheets: Convenient and space-efficient, but their thinness affects their dissolvability and effectiveness.",Ergonomics
"Food waste reducers like composters: Efficient, albeit slightly bulky, requiring ample space for placement.",Ergonomics
These items are a game-changer for sustainability! Their ergonomic designs make daily tasks more manageable and eco-conscious.,Ergonomics
"While environmentally considerate, these products could improve their ergonomic comfort for extended use.",Ergonomics
"Their eco-friendly approach is commendable, but the ergonomics fall short, making them less comfortable in practical use.",Ergonomics
"These eco-solutions are thoughtful, but their ergonomic designs need refinement for more user-friendly experiences.",Ergonomics
"I appreciate the eco-efforts, but the ergonomics don't match their sustainable intent, impacting their ease of use.",Ergonomics
"These items have an eco-friendly spirit, but their ergonomic designs need attention for better functionality.",Ergonomics
"It's refreshing to see eco-conscious options, yet their ergonomic features require enhancement for improved comfort.",Ergonomics
"While supporting sustainability, these products lack ergonomic finesse, hindering their ease of handling.",Ergonomics
"The eco-friendly approach is commendable, but the ergonomic aspects could be better for enhanced usability.",Ergonomics
"These items champion eco-friendliness but fall short in ergonomic design, affecting their user-friendly appeal.",Ergonomics
"The functionality of these products aligns with expectations, offering a balanced eco-friendly approach.",Ergonomics
These items deliver standard functionality without notable advantages or disadvantages in their eco-friendly design.,Ergonomics
Their eco-friendly nature doesn't significantly impact the standard functionality these items provide.,Ergonomics
"These products maintain a neutral ground in their functionality, offering basic eco-friendly features.",Ergonomics
The eco-friendly aspects of these items don't significantly alter their standard functionality.,Ergonomics
"Functionality-wise, these products present themselves on a neutral level, balancing sustainability with standard usage.",Ergonomics
The eco-friendly angle doesn't overshadow the standard functionality offered by these items.,Ergonomics
"These products showcase a neutral performance in their functionality, without notable eco-friendly advantages.",Ergonomics
"While embracing eco-friendliness, these items maintain a standard level of functionality.",Ergonomics
"Functionality remains neutral in these products, with their eco-friendly elements not significantly altering their performance.",Ergonomics
"The ergonomic design here blends comfortably with daily use, ensuring ease without any strain.",Ergonomics
"Balancing the ergonomic build with regular functionality, these items cater to comfort without sacrificing usability.",Ergonomics
"The ergonomic aspects seamlessly integrate into the product, ensuring both comfort and standard use.",Ergonomics
"These products strike a balance between ergonomic considerations and everyday functionality, offering a comfortable yet practical experience.",Ergonomics
"The ergonomic design elevates the usability without compromising the basic functionality, delivering a comfortable experience.",Ergonomics
"Functionality and ergonomics merge well, offering a comfortable experience while ensuring practical use.",Ergonomics
"The ergonomic design complements the functional aspect, providing a comfortable yet practical solution.",Ergonomics
"These items prioritize ergonomic comfort without disregarding their intended functionality, resulting in a pleasant user experience.",Ergonomics
"The ergonomic build enhances usability without overshadowing the standard functionality, ensuring comfort in use.",Ergonomics
"Balancing ergonomics with everyday usability, these products offer a comfortable yet functional performance.",Ergonomics
"The ergonomic design makes it incredibly comfortable to use, ensuring an easy experience without any awkwardness.",Ergonomics
"These items prioritize comfort, making it easy to use despite their slightly awkward size.",Ergonomics
"While the size might feel a tad awkward, the ergonomic features ensure a comfortable and easy grip.",Ergonomics
"The larger size might seem a bit awkward at first, but it offers a comfortable and easy-to-hold structure.",Ergonomics
"Despite the initial awkwardness in handling, the comfortable design eventually makes these products easy to use regularly.",Ergonomics
"The ergonomic build minimizes the initial awkwardness, providing a comfortable and easy-to-handle experience.",Ergonomics
"Initially feeling slightly awkward, the comfortable grip and easy usability make these items a delight to use.",Ergonomics
These products feel a bit awkward due to their size but surprise with their comfortable and easy operation.,Ergonomics
"While the shape might seem a touch awkward, the overall comfortable design makes these items easy to use.",Ergonomics
"The initial awkwardness fades quickly, giving way to a comfortable and easy interaction with these ergonomic products.",Ergonomics
These items are anything but comfortable; they're rather awkward to handle and use.,Ergonomics
"Despite claims of ease, the reality is these products are awkwardly designed and uncomfortable to use.",Ergonomics
"They seem easy at first glance, but in reality, they're awkward and uncomfortable to operate.",Ergonomics
"The initial impression might seem comfortable, but the handling is awkward and not easy at all.",Ergonomics
"Expected them to be easy and comfortable to use, but they're surprisingly awkward and uncomfortable.",Ergonomics
"The design makes these products extremely awkward, offering no comfort or ease in usage.",Ergonomics
"Promised ease and comfort, but the reality is awkward handling and discomfort in usage.",Ergonomics
"Despite assurances of comfort, these items are awkwardly built and far from easy to use.",Ergonomics
"Anticipated comfort and ease, but received an awkward and uncomfortable experience instead.",Ergonomics
These products claim to be comfortable and easy but are actually quite awkward and uncomfortable to handle.,Ergonomics
"Not only are they uncomfortable, but they're also terribly awkward to use.",Ergonomics
"Awkward and uncomfortable, these products lack the ease they promised.",Ergonomics
"Absolutely uncomfortable and so awkward to handle, it's frustrating.",Ergonomics
Expected comfort but got an awkward and uncomfortable experience.,Ergonomics
These items are awkward and uncomfortable; they lack the promised ease.,Ergonomics
Incredibly awkward and uncomfortable to use; they're far from easy.,Ergonomics
Failed to deliver on comfort and ease; they're just awkward and uncomfortable.,Ergonomics
"Simple to fold down, fits perfectly in small drawers.",Ease of Storage
"Store it easily in any nook or cranny, thanks to its compact size.",Ease of Storage
"Folds neatly, ideal for small apartments with limited space.",Ease of Storage
"Easily stored away after use, takes up minimal space.",Ease of Storage
"Compact when folded, perfect for storing in car compartments.",Ease of Storage
"Neatly folds down, great for easy storage in travel bags.",Ease of Storage
"Packs down neatly, perfect for storing in tiny apartments.",Ease of Storage
"Easily folds, ideal for compact storage in closets.",Ease of Storage
"Simple to store, folds effortlessly to fit in any space.",Ease of Storage
"Conveniently folds away, great for minimalist living.",Ease of Storage
"Neatly folds down, fantastic for storing in tight spots.",Ease of Storage
"Compact design, easily stored in small drawers.",Ease of Storage
"Folds up neatly, perfect for quick storage.",Ease of Storage
"Effortless to store, folds into a small, manageable size.",Ease of Storage
"Stores easily after use, compact and convenient.",Ease of Storage
"Compact folding, perfect for small living areas.",Ease of Storage
"Folds down neatly, excellent for space-saving storage.",Ease of Storage
"Stores effortlessly, compact enough for any shelf.",Ease of Storage
"Neatly folds away, ideal for clutter-free living.",Ease of Storage
"Easily storable, folds up into a small package.",Ease of Storage
"Packs down nicely, great for minimalistic storage.",Ease of Storage
"Simple folding, perfect for small storage spaces.",Ease of Storage
"Conveniently stores away, easily accessible when needed.",Ease of Storage
"Effortless to store, compact for small apartments.",Ease of Storage
Neatly folds for simple storage in small areas.,Ease of Storage
"Packs down compactly, great for travel storage.",Ease of Storage
"Stores easily, folds up for quick storage solutions.",Ease of Storage
"Compact when folded, perfect for storing in any closet.",Ease of Storage
"Folds away neatly, ideal for organized storage.",Ease of Storage
"Effortless storage, neatly folds into a compact size.",Ease of Storage
"Compact design, easily stored in small compartments.",Ease of Storage
"Convenient folding, perfect for small-space storage.",Ease of Storage
"Neat storage, folds down easily for minimal footprint.",Ease of Storage
"Packs down small, excellent for easy storage.",Ease of Storage
"Stores effortlessly, perfect for minimal storage space.",Ease of Storage
"Folds neatly, ideal for storing in compact areas.",Ease of Storage
"Effortless to store, folds into a manageable size.",Ease of Storage
"Compact storage, easy to tuck away when not in use.",Ease of Storage
"Neat folding, great for organizing small spaces.",Ease of Storage
"Packs down nicely, perfect for compact storage.",Ease of Storage
"Simple storage, easily folds into a small unit.",Ease of Storage
"Conveniently folds, ideal for small-space living.",Ease of Storage
"Neatly stores away, compact for minimalistic setups.",Ease of Storage
"Compact design, easily fits into any storage area.",Ease of Storage
"Folds down easily, great for streamlined storage.",Ease of Storage
"Stores effortlessly, perfect for space-conscious users.",Ease of Storage
"Effortless folding, ideal for compact storage.",Ease of Storage
"Compact storage, easy to tuck away after use.",Ease of Storage
"Neatly folded, perfect for storage in tight spaces.",Ease of Storage
"Packs down compactly, great for easy storage.",Ease of Storage
"Simple to store, folds into a manageable size.",Ease of Storage
"Convenient folding, ideal for small storage solutions.",Ease of Storage
"Neatly stored away, perfect for minimalist living.",Ease of Storage
"Compact when folded, great for easy storage.",Ease of Storage
"Effortless to store, neatly folds for quick setup.",Ease of Storage
"Packs down nicely, excellent for minimalistic storage.",Ease of Storage
"Conveniently folds away, perfect for small closets.",Ease of Storage
"Effortlessly stores in tight spaces, folds neatly.",Ease of Storage
"Compact design, easy to fold for quick storage.",Ease of Storage
"Packs down small, ideal for minimalist living.",Ease of Storage
"Neatly folds, great for storing in drawers.",Ease of Storage
"Simple to store, easily tucks away in any cupboard.",Ease of Storage
"Folds down effortlessly, fits snugly into limited spaces.",Ease of Storage
"Compact and foldable, a breeze to stow away in small areas.",Ease of Storage
Swiftly folds for convenient storage in tiny apartments.,Ease of Storage
"Neatly collapses, making storage hassle-free.",Ease of Storage
"Conveniently folds down, ideal for my small apartment.",Ease of Storage
"Easy to store, fits perfectly in my crowded pantry.",Ease of Storage
"Compact design, effortless to fold and tuck away.",Ease of Storage
"Perfect for storage, collapses neatly in limited spaces.",Ease of Storage
"Seamlessly stores away, excellent for my cramped closet.",Ease of Storage
"Folds effortlessly, great for organizing my tiny kitchen.",Ease of Storage
"Simple to stow, compact size suits my tight storage.",Ease of Storage
"Swiftly folds down, a great space-saving solution.",Ease of Storage
"Neatly collapses, ideal for my minimalist lifestyle.",Ease of Storage
"Effortless to store, fits into my compact cabinet.",Ease of Storage
"Compact and easy to fold, perfect for small homes.",Ease of Storage
"Stores conveniently, easily fits into any nook.",Ease of Storage
"Effortless folding, great for my limited storage space.",Ease of Storage
"Seamlessly tucks away, a great space-efficient option.",Ease of Storage
"Folds neatly, perfect for my downsized living.",Ease of Storage
"Conveniently compact, easily stored in small spaces.",Ease of Storage
"Effortlessly stores away, great for my tiny studio.",Ease of Storage
"Compact design, a breeze to stow in any corner.",Ease of Storage
"Easily folded, suits my minimalist storage setup.",Ease of Storage
"Perfectly collapsible, excellent for my compact home.",Ease of Storage
"Folds down effortlessly, fits snugly in my closet.",Ease of Storage
"Simple to store, a perfect fit for my small room.",Ease of Storage
"Neatly tucks away, excellent for my limited storage.",Ease of Storage
"Swiftly collapses, ideal for my clutter-free space.",Ease of Storage
"Seamlessly stores, easily hidden in small areas.",Ease of Storage
"Compact and easy to fold, suits my cozy setup.",Ease of Storage
"Effortless to stow, perfect for my tiny home.",Ease of Storage
"Conveniently collapsible, fits into tight spaces.",Ease of Storage
"Easy folding, a great solution for my space crunch.",Ease of Storage
"Compact storage, effortlessly hides in small spots.",Ease of Storage
"The storage capacity is fine, but the folding mechanism could be smoother.",Ease of Storage
"Adequate storage, although the folding process feels a bit cumbersome.",Ease of Storage
"Fits well in storage, though the folding requires a bit of effort.",Ease of Storage
"Storage-wise, it's decent, but the folding mechanism feels average.",Ease of Storage
"Offers good storage space, yet the folding action is somewhat stiff.",Ease of Storage
"Satisfactory storage, but the folding aspect could use some improvement.",Ease of Storage
"Does the job for storage, although the folding feels a tad awkward.",Ease of Storage
Provides ample storage but the folding process is not the most intuitive.,Ease of Storage
"Storage capacity is okay, but the folding feels a bit finicky.",Ease of Storage
"Acceptable storage solution, though the folding could be more user-friendly.",Ease of Storage
"The storage function is adequate, yet the folding mechanism is average.",Ease of Storage
"Manages storage well, but the folding could be smoother.",Ease of Storage
"Serves its purpose for storage, although the folding feels a bit clunky.",Ease of Storage
"Storage is fine, but the folding process isn't the most seamless.",Ease of Storage
"Offers decent storage space, yet the folding feels a bit challenging.",Ease of Storage
"Good enough for storage, but the folding could be more effortless.",Ease of Storage
"Adequate storage capacity, though the folding process feels a bit awkward.",Ease of Storage
"Storage-wise, it's sufficient, yet the folding aspect could be improved.",Ease of Storage
"Does well for storage, though the folding feels a bit tricky.",Ease of Storage
"The storage function is satisfactory, but the folding could be smoother.",Ease of Storage
"Provides okay storage, but the folding process could be refined.",Ease of Storage
"Storage is good, but the folding action feels slightly inconvenient.",Ease of Storage
"Offers ample storage space, yet the folding feels a bit cumbersome.",Ease of Storage
"Serves its purpose for storage, although the folding feels a tad clunky.",Ease of Storage
"Storage capacity is acceptable, but the folding process could be easier.",Ease of Storage
"Adequate for storage needs, yet the folding could be more user-friendly.",Ease of Storage
"Good storage capability, but the folding action feels somewhat tricky.",Ease of Storage
"Offers decent storage capacity, yet the folding isn't the most seamless.",Ease of Storage
"Acceptable storage solution, though the folding could be smoother.",Ease of Storage
"Does the job for storage, although the folding feels a bit challenging.",Ease of Storage
Decent storage but the folding feels a bit stiff.,Ease of Storage
Storage works fine; folding could be smoother.,Ease of Storage
Good storage capacity; folding is average.,Ease of Storage
"Adequate storage, slightly tricky folding.",Ease of Storage
Storage is sufficient; folding's a bit awkward.,Ease of Storage
Offers ample storage; folding's somewhat clunky.,Ease of Storage
Storage is acceptable; folding's a hassle.,Ease of Storage
Great for storage; folding's a bit cumbersome.,Ease of Storage
The storage works well; folding's average.,Ease of Storage
Effective storage; folding's slightly challenging.,Ease of Storage
Ample storage; folding's a bit stiff.,Ease of Storage
Storage is fine; folding's somewhat tricky.,Ease of Storage
Good storage space; folding's not the smoothest.,Ease of Storage
Adequate for storage; folding's a bit inconvenient.,Ease of Storage
Serves storage needs; folding's slightly awkward.,Ease of Storage
Storage is okay; folding's a bit finicky.,Ease of Storage
Offers decent storage; folding's a tad challenging.,Ease of Storage
Works for storage; folding's slightly clunky.,Ease of Storage
Storage is good; folding's somewhat stiff.,Ease of Storage
Acceptable storage; folding's a bit tricky.,Ease of Storage
Good for storage; folding's somewhat cumbersome.,Ease of Storage
Storage is sufficient; folding's a bit challenging.,Ease of Storage
Does well for storage; folding's slightly awkward.,Ease of Storage
Offers okay storage; folding's a bit inconvenient.,Ease of Storage
Provides ample storage; folding's somewhat tricky.,Ease of Storage
The storage works fine; folding's a bit stiff.,Ease of Storage
Works for storage needs; folding's slightly clunky.,Ease of Storage
Storage is acceptable; folding's a bit finicky.,Ease of Storage
Effective storage space; folding's somewhat challenging.,Ease of Storage
Serves storage purposes; folding's a bit stiff.,Ease of Storage
"Terrible storage solution, folding is an absolute nightmare.",Ease of Storage
Storage is abysmal; folding feels completely impossible.,Ease of Storage
"Dreadful storage experience, folding mechanism is broken.",Ease of Storage
Horrible storage concept; folding is way too complicated.,Ease of Storage
"Useless for storage, folding mechanism constantly jams.",Ease of Storage
"Storage is pathetic, folding process is entirely flawed.",Ease of Storage
Disastrous storage design; folding feels like a lost cause.,Ease of Storage
"Terribly designed for storage, folding is an utter mess.",Ease of Storage
"Waste of space, folding aspect is entirely dysfunctional.",Ease of Storage
"Incredibly poor storage solution, folding's a total disaster.",Ease of Storage
"Storage is nonsensical, folding process is a nightmare.",Ease of Storage
"Extremely disappointing storage, folding mechanism fails miserably.",Ease of Storage
Hopeless for storage; folding is a complete disaster.,Ease of Storage
"Quick assembly, very user-friendly.",Ease of Use
"Simple design, convenient enough.",Ease of Use
Instructions were straightforward.,Ease of Use
Assembly was really easy.,Ease of Use
Early use is very convenient.,Ease of Use
Quite easy to start using.,Ease of Use
Appears very user-friendly.,Ease of Use
Moderate level of ease in setup.,Ease of Use
"Convenience is decent, not exceptional.",Ease of Use
User-friendliness falls in the middle.,Ease of Use
Moderately convenient features.,Ease of Use
Fairly easy setup process.,Ease of Use
A balance between ease and complexity.,Ease of Use
An average level of convenience.,Ease of Use
Usability is moderately good.,Ease of Use
"Not too difficult, not too easy.",Ease of Use
"Adequate convenience, nothing special.",Ease of Use
Fairly straightforward operation.,Ease of Use
Offers moderate convenience.,Ease of Use
Decent user-friendliness overall.,Ease of Use
Provides an average level of ease.,Ease of Use
Usability falls within a moderate spectrum.,Ease of Use
The product provides a decent level of convenience.,Ease of Use
Usability is moderately satisfactory.,Ease of Use
Falls within an average range of ease.,Ease of Use
Offers an average level of user-friendliness.,Ease of Use
Convenience is fairly balanced.,Ease of Use
Usability is reasonably straightforward.,Ease of Use
Provides an average level of convenience.,Ease of Use
The ease of use is moderately acceptable.,Ease of Use
Falls within a middle ground in terms of convenience.,Ease of Use
Moderately user-friendly features.,Ease of Use
Offers an average level of ease in operation.,Ease of Use
Provides a balanced convenience factor.,Ease of Use
Usability is relatively straightforward.,Ease of Use
The ease of use is moderately good.,Ease of Use
Moderately satisfactory in terms of convenience.,Ease of Use
Relatively easy to navigate.,Ease of Use
Moderately satisfactory convenience.,Ease of Use
The product offers an acceptable level of ease in use.,Ease of Use
"Extremely inconvenient to use, very frustrating.",Ease of Use
The usability is far from satisfactory.,Ease of Use
Provides an abysmal level of convenience.,Ease of Use
Highly challenging and not user-friendly at all.,Ease of Use
"Frustratingly complex, quite inconvenient.",Ease of Use
The usability is highly cumbersome.,Ease of Use
Offers a terribly inconvenient experience.,Ease of Use
"Extremely difficult to operate, highly inconvenient.",Ease of Use
"Fails in terms of convenience, extremely challenging.",Ease of Use
"Highly inefficient, not user-friendly at all.",Ease of Use
The usability is terribly convoluted.,Ease of Use
Provides an exceptionally inconvenient experience.,Ease of Use
"Unbearably inconvenient, extremely difficult.",Ease of Use
"Extremely challenging to navigate, not user-friendly.",Ease of Use
"Fails to offer any convenience, highly impractical.",Ease of Use
The usability is utterly confusing.,Ease of Use
Offers an incredibly inconvenient experience.,Ease of Use
"Extremely difficult to get the hang of, not user-friendly.",Ease of Use
"Falls short in terms of convenience, highly frustrating.",Ease of Use
Highly convoluted and inconvenient.,Ease of Use
The usability is exceptionally poor.,Ease of Use
Offers an entirely inconvenient experience.,Ease of Use
"Extremely cumbersome, not user-friendly at all.",Ease of Use
"Dreadfully inconvenient, highly complicated.",Ease of Use
"Highly impractical, fails in terms of convenience.",Ease of Use
The usability is dreadfully convoluted.,Ease of Use
Offers an overwhelmingly inconvenient experience.,Ease of Use
"Extremely challenging to operate, not user-friendly.",Ease of Use
Provides an arduous and inconvenient experience.,Ease of Use
"Highly perplexing usability, incredibly inconvenient.",Ease of Use
"Horribly inconvenient, an absolute nightmare to use.",Ease of Use
The usability is disastrously convoluted.,Ease of Use
"Offers no convenience whatsoever, highly impractical.",Ease of Use
"Extremely challenging to navigate, not user-friendly at all.",Ease of Use
"Highly inefficient, an absolute hassle.",Ease of Use
The usability is extremely confusing and frustrating.,Ease of Use
Provides a dreadfully inconvenient experience.,Ease of Use
"Frustratingly complex, highly inconvenient.",Ease of Use
"Extremely difficult to operate, not user-friendly.",Ease of Use
The usability is overwhelmingly convoluted.,Ease of Use
Extremely cumbersome and impractical.,Ease of Use
"Highly challenging to understand, not user-friendly.",Ease of Use
"Fails to deliver any convenience, a total mess.",Ease of Use
The usability is utterly perplexing and inefficient.,Ease of Use
"Dreadfully inconvenient, incredibly complicated.",Ease of Use
"Highly impractical, lacks user-friendliness.",Ease of Use
The usability is terribly convoluted and confusing.,Ease of Use
Provides an overwhelmingly inconvenient experience.,Ease of Use
"Extremely difficult to manage, not user-friendly at all.",Ease of Use
Offers a nightmarishly inconvenient experience.,Ease of Use
Highly perplexing and inconvenient.,Ease of Use
"Dreadfully impractical, offers no convenience.",Ease of Use
The usability is exceptionally poor and cumbersome.,Ease of Use
Provides an abysmally inconvenient experience.,Ease of Use
"Extremely challenging to comprehend, not user-friendly.",Ease of Use
"Falls short on every aspect of convenience, highly frustrating.",Ease of Use
The usability is overwhelmingly inconvenient and inefficient.,Ease of Use
"Incredibly easy and convenient, a lifesaver in my daily routine.",Ease of Use
"The convenience it offers is unparalleled, making life so much simpler.",Ease of Use
"Superbly user-friendly, a breeze to use and incredibly efficient.",Ease of Use
"Offers outstanding convenience, simplifying tasks effortlessly.",Ease of Use
"So easy to use and incredibly convenient, it's become a staple in my life.",Ease of Use
"Highly practical and convenient, it has made my tasks much simpler.",Ease of Use
"Exceptionally user-friendly, providing seamless operation.",Ease of Use
"Provides exceptional convenience, making things a lot easier.",Ease of Use
"Incredibly straightforward and convenient, it's a game-changer.",Ease of Use
"The convenience it offers is exceptional, making tasks effortless.",Ease of Use
"So user-friendly and convenient, it's an absolute delight to use.",Ease of Use
"Offers remarkable convenience, streamlining tasks effortlessly.",Ease of Use
"Incredibly intuitive and convenient, it has simplified my routine.",Ease of Use
Exceptionally easy to use and incredibly convenient.,Ease of Use
"Provides outstanding convenience, simplifying things remarkably.",Ease of Use
"So straightforward and convenient, it's a joy to use daily.",Ease of Use
"Highly practical and user-friendly, it's a fantastic addition.",Ease of Use
"Offers exceptional convenience, making life much simpler.",Ease of Use
"Incredibly efficient and convenient, it's made tasks effortless.",Ease of Use
"Highly user-friendly and convenient, it's an absolute gem.",Ease of Use
"So easy to operate and incredibly convenient, it's a game-changer.",Ease of Use
"Provides exceptional convenience, simplifying tasks effortlessly.",Ease of Use
"Incredibly straightforward and user-friendly, it's fantastic.",Ease of Use
"Offers outstanding convenience, making tasks a breeze.",Ease of Use
"So user-friendly and convenient, it's become an essential tool.",Ease of Use
"Exceptionally practical and convenient, it's incredibly helpful.",Ease of Use
"Provides remarkable convenience, making life much easier.",Ease of Use
"Incredibly intuitive and user-friendly, it simplifies tasks.",Ease of Use
"Highly practical and convenient, it's a must-have tool.",Ease of Use
"Offers exceptional convenience, making daily tasks a lot simpler.",Ease of Use
"This tool is incredibly user-friendly and convenient, making tasks effortless.",Ease of Use
The ease of use and convenience it provides are truly impressive.,Ease of Use
"The noise level of this device is surprisingly low, a pleasant surprise!",Interference
I wish this product didn't produce such a high-pitched noise during operation.,Interference
"It's remarkably silent, which is perfect for my workspace.",Interference
The taste of the water from this filter is clean and refreshing.,Interference
"I noticed an odd metallic taste when using this product initially, but it faded after a few uses.",Interference
The food cooked in this pan never retains any unwanted tastes or flavors.,Interference
"The taste of plastic from this container affects the stored food, which is disappointing.",Interference
There's a distinct taste of rubber that accompanies this particular item.,Interference
"The initial chemical smell from this cleaner is overwhelming, but it dissipates after a while.",Interference
The smell of this detergent is too strong and lingers on clothes even after washing.,Interference
"The new packaging emits a strange odor, I hope it fades soon.",Interference
I can't stand the persistent smell that comes from this product.,Interference
"There's a musty smell that develops over time, which is unpleasant.",Interference
"The machine emits a consistent buzzing noise, disrupting the peace of the room.",Interference
I can't concentrate due to the constant rattling sound produced by this appliance.,Interference
The product's loud beeping interferes with my ability to work peacefully.,Interference
This item's inconsistent performance interferes with its overall usefulness.,Interference
The erratic vibrations from this tool make it challenging to handle.,Interference
"The fan on this product is incredibly loud, making it hard to concentrate. However, the taste of the water from this filter is clean and refreshing.",Interference
"This machine operates quietly, without disturbing the surroundings. I noticed an odd metallic taste when using this product initially, but it faded after a few uses.",Interference
"The noise level of this device is surprisingly low, a pleasant surprise! The food cooked in this pan never retains any unwanted tastes or flavors.",Interference
"I wish this product didn't produce such a high-pitched noise during operation. The taste of plastic from this container affects the stored food, which is disappointing.",Interference
"It's remarkably silent, which is perfect for my workspace. There's a distinct taste of rubber that accompanies this particular item.",Interference
"The initial chemical smell from this cleaner is overwhelming, but it dissipates after a while. The taste of the water from this filter is clean and refreshing.",Interference
"It's remarkably silent, which is perfect for my workspace. The smell of this detergent is too strong and lingers on clothes even after washing.",Interference
"The taste of plastic from this container affects the stored food, which is disappointing. The new packaging emits a strange odor, I hope it fades soon.",Interference
There's a distinct taste of rubber that accompanies this particular item. I can't stand the persistent smell that comes from this product.,Interference
"The food cooked in this pan never retains any unwanted tastes or flavors. There's a musty smell that develops over time, which is unpleasant.",Interference
The taste of the water from this filter is clean and refreshing. The product's loud beeping interferes with my ability to work peacefully.,Interference
"This machine operates quietly, without disturbing the surroundings. This item's inconsistent performance interferes with its overall usefulness.",Interference
"I noticed an odd metallic taste when using this product initially, but it faded after a few uses. The erratic vibrations from this tool make it challenging to handle.",Interference
"The noise level of this device is surprisingly low, a pleasant surprise! The initial chemical smell from this cleaner is overwhelming, but it dissipates after a while.",Interference
I wish this product didn't produce such a high-pitched noise during operation. The smell of this detergent is too strong and lingers on clothes even after washing.,Interference
"It's remarkably silent, which is perfect for my workspace. There's a musty smell that develops over time, which is unpleasant.",Interference
"The taste of plastic from this container affects the stored food, which is disappointing. The product's loud beeping interferes with my ability to work peacefully.",Interference
There's a distinct taste of rubber that accompanies this particular item. This item's inconsistent performance interferes with its overall usefulness.,Interference
The food cooked in this pan never retains any unwanted tastes or flavors. The erratic vibrations from this tool make it challenging to handle.,Interference
"The taste of the water from this filter is clean and refreshing. The initial chemical smell from this cleaner is overwhelming, but it dissipates after a while.",Interference
"This machine operates quietly, without disturbing the surroundings. The smell of this detergent is too strong and lingers on clothes even after washing.",Interference
"I noticed an odd metallic taste when using this product initially, but it faded after a few uses. There's a musty smell that develops over time, which is unpleasant.",Interference
"I wish this product didn't produce such a high-pitched noise during operation. The new packaging emits a strange odor, I hope it fades soon.",Interference
"The constant whirring noise from this device is really distracting. However, the taste of the water it produces is surprisingly good.",Interference
"This appliance runs quietly, which is a relief in a busy household. I've noticed a slight chemical smell when using it initially, but it dissipates quickly.",Interference
"The high-pitched sound of this tool is quite bothersome. On the other hand, the food cooked in its pan never takes on strange tastes or smells.",Interference
"I wish this gadget didn't emit such a loud beeping noise during operation. Also, there's a faint taste of plastic that affects the stored food, which is disappointing.",Interference
"It's remarkably silent, perfect for my work environment. However, there's a distinct rubbery taste that accompanies this particular item.",Interference
"The initial odor from this cleaning agent is overpowering, but it fades after a while. The taste of the water it filters is clean and refreshing.",Interference
"The detergent scent lingers on clothes even after washing. Meanwhile, this machine operates quietly and efficiently.",Interference
"I can't tolerate the persistent smell emitted by this product. Moreover, its loud beeping is quite disruptive.",Interference
"There's an unpleasant musty smell that develops over time with this item. Unfortunately, its inconsistent performance hinders its usefulness.",Interference
"The consistent buzzing noise from this machine is irritating. On the other hand, the metallic taste when using it initially is off-putting.",Interference
"The rattling sound from this appliance disturbs the peace. However, the food cooked in its pan remains unaffected in taste or smell.",Interference
"The loud beeping interferes with my work. The initial chemical smell from this cleaner dissipates, which is relieving.",Interference
The inconsistent performance of this item is frustrating. The detergent smell lingers even after washing clothes.,Interference
"The erratic vibrations from this tool make it difficult to handle. However, the new packaging emits an unusual odor.",Interference
"The loud fan on this device disrupts focus. The initial chemical smell dissipates after a while, thankfully.",Interference
"The detergent smell persists even after washing. Conversely, this machine operates quietly and efficiently.",Interference
"The new packaging emits an odd odor, hoping it fades soon. There's an unpleasant musty smell that develops over time.",Interference
I can't tolerate the persistent smell from this product. Its loud beeping disrupts concentration.,Interference
There's an unpleasant musty smell that develops over time with this item. Its inconsistent performance is a significant drawback.,Interference
The consistent buzzing noise from this machine is quite annoying. The metallic taste when using it initially is quite noticeable.,Interference
"The rattling sound from this appliance disrupts the environment. However, the food cooked in its pan remains unaffected.",Interference
The loud beeping interferes with concentration. The initial chemical smell from this cleaner dissipates eventually.,Interference
The inconsistent performance of this item is a letdown. The lingering detergent smell is a concern.,Interference
The erratic vibrations from this tool make handling difficult. The new packaging emits an odd odor.,Interference
The loud fan on this device hampers concentration. The initial chemical smell fades away with time.,Interference
"The lingering detergent smell remains a problem. However, this machine operates quietly without disturbances.",Interference
The new packaging emits an unpleasant odor. There's an unwelcome musty smell that develops over time.,Interference
I can't tolerate the persistent smell from this product. Its loud beeping disrupts focus.,Interference
There's an unpleasant musty smell that develops over time with this item. Its inconsistent performance is disappointing.,Interference
The consistent buzzing noise from this machine is quite irritating. The metallic taste when using it initially is a downside.,Interference
"The rattling sound from this appliance disturbs the surroundings. However, the food cooked in its pan remains unaffected.",Interference
The inconsistent performance of this item is a drawback. The lingering detergent smell is bothersome.,Interference
The erratic vibrations from this tool make handling difficult. The new packaging emits an unusual odor.,Interference
"The machine's consistent noise level is neither too loud nor too soft. The initial metallic taste is relatively neutral, fading after multiple uses.",Interference
"The appliance doesn't produce noticeable disturbances in noise. However, there's a neutral scent associated with the product.",Interference
"The cleaner doesn't emit any remarkable noise. The initial scent fades over time, leaving a neutral residual smell.",Interference
The performance of this item doesn't exhibit notable noise interference. The detergent's scent is relatively neutral and fades after washing.,Interference
The tool's vibrations are standard and don't pose handling challenges. The new packaging doesn't emit a strong or unusual odor.,Interference
"The fan noise on this device is at a standard level. The initial chemical scent dissipates over time, leaving a neutral smell.",Interference
The scent from the detergent isn't overpowering and remains relatively neutral. The machine operates without significant noise disturbances.,Interference
There's no remarkable odor emitted from the new packaging. The taste and smell associated with the product remain relatively neutral.,Interference
The persistent smell from this product is neutral and doesn't interfere significantly. The noise level during operation is standard.,Interference
The item's performance remains relatively neutral in terms of noise interference. The taste and smell exhibit standard characteristics.,Interference
The machine's consistent buzzing noise is within standard limits. The metallic taste upon initial use is relatively neutral.,Interference
The appliance doesn't produce significant disruptions in noise levels. The taste and smell associated with the cooked food are relatively neutral.,Interference
The noise emitted from this appliance during operation is standard. The taste and smell of the cooked food remain relatively neutral.,Interference
The consistent noise levels from this device are within standard ranges. The initial chemical scent dissipates into a neutral smell.,Interference
The noise interference from this tool remains relatively neutral. The new packaging doesn't emit any remarkable odor.,Interference
The fan noise from this device is at a standard level. The initial chemical smell fades into a relatively neutral scent.,Interference
The scent from the detergent remains relatively neutral and dissipates after washing. The machine operates without significant noise disturbances.,Interference
The packaging doesn't emit any remarkable odor. The taste and smell associated with the product remain relatively neutral.,Interference
"The product's safety features were inadequate, causing concern during use.",Safety
"There were significant safety issues, especially regarding the product's stability and structure.",Safety
The lack of safety mechanisms made the product potentially hazardous during operation.,Safety
"Despite assurances, the safety features were subpar, raising doubts about its reliability.",Safety
"The product's safety standards were questionable, particularly regarding its electrical components.",Safety
"There were concerns about the product's safety, primarily due to its flimsy construction.",Safety
"The safety aspects were lacking, especially in terms of its sharp edges and potential risks.",Safety
The absence of proper safety measures made the product a potential liability in households.,Safety
"There were noticeable gaps in safety protocols, making the product unsuitable for certain environments.",Safety
"Safety features were noticeably absent, particularly in aspects related to childproofing and fire hazards.",Safety
"Concerns were raised regarding the safety of the product, especially with regards to its chemical composition.",Safety
"The safety mechanisms seemed unreliable, raising doubts about its usability in high-risk scenarios.",Safety
"The product's safety standards were inadequate, especially in comparison to industry benchmarks.",Safety
There were inherent safety risks associated with the product's design and functionality.,Safety
The lack of safety measures undermined the overall reliability of the product.,Safety
Safety concerns arose due to the product's tendency to malfunction unexpectedly.,Safety
"Despite claims, the safety aspects of the product were insufficient, raising concerns about user well-being.",Safety
"The safety features seemed compromised, potentially posing risks during routine use.",Safety
"Concerns were raised regarding the product's safety, primarily due to its fragility and durability concerns.",Safety
"Safety precautions were noticeably lacking, especially considering potential hazards during operation.",Safety
"The product's safety mechanisms were subpar, raising concerns about its reliability.",Safety
"There were notable safety issues, especially regarding the product's structural integrity.",Safety
"Safety features seemed inadequate, prompting doubts about its suitability for use.",Safety
"Concerns arose regarding the product's safety, particularly in high-risk environments.",Safety
The lack of robust safety measures made the product unsuitable for certain situations.,Safety
"Safety aspects were lacking, especially concerning potential electrical hazards.",Safety
"The product's safety standards seemed questionable, especially in comparison to industry norms.",Safety
"Safety mechanisms were insufficient, causing apprehension about its user-friendliness.",Safety
"Despite claims, safety features were lacking, leading to doubts about its dependability.",Safety
"Concerns were raised regarding the product's safety protocols, primarily in relation to potential risks.",Safety
"The product exhibited safety shortcomings, particularly in its design and operational aspects.",Safety
"Safety features appeared compromised, prompting hesitation in using the product.",Safety
"There were safety concerns, especially concerning its stability and reliability.",Safety
"The product lacked essential safety measures, posing risks during routine usage.",Safety
"Safety precautions seemed inadequate, especially considering potential hazards.",Safety
"Despite assurances, safety mechanisms were not up to expected standards.",Safety
"Concerns arose about the product's safety, especially in terms of user well-being.",Safety
"Safety features were noticeably absent, raising questions about its suitability for use.",Safety
"The product's safety standards were below par, particularly in terms of durability and robustness.",Safety
The lack of reliable safety measures undermined the product's overall usability.,Safety
"The product claims to be safe, but its propensity to drop unexpectedly raises significant concerns about its reliability.",Safety
"Despite assurances of safety, the product's design makes it prone to accidental drops, compromising its usability.",Safety
"Safety measures seemed compromised, especially considering the potential risks of dropping the item.",Safety
"The product's safety standards appeared questionable, particularly after observing its tendency to drop without warning.",Safety
"Despite claims of being safe, the product felt precarious and prone to accidental drops.",Safety
"There were concerns about its safety, especially regarding potential drops and breakage.",Safety
"The product's safety claims seemed exaggerated, especially given its susceptibility to drops.",Safety
"Safety assurances were lacking, particularly considering the product's tendency to easily drop.",Safety
"Concerns about safety arose due to the product's fragility, making it prone to accidental drops.",Safety
"Despite being labeled as safe, the product's tendency to slip and drop was worrisome.",Safety
"The safety measures seemed inadequate, especially concerning protection against drops.",Safety
"Safety concerns were raised, primarily due to the product's propensity for accidental drops.",Safety
"The product's safety seemed compromised, especially given its susceptibility to drops.",Safety
"Despite claims of being drop-proof, the product's safety felt questionable during use.",Safety
"Concerns about safety were evident, particularly considering potential accidents from drops.",Safety
"The product's safety features felt inadequate, especially in preventing accidental drops.",Safety
"Safety assurances were lacking, especially in scenarios involving potential drops.",Safety
"Despite being advertised as safe, the product's susceptibility to drops raised doubts.",Safety
"The product's safety seemed compromised, especially in situations prone to drops.",Safety
"Concerns arose regarding its safety, especially regarding potential accidents from drops.",Safety
"Safety measures against drops appeared insufficient, raising concerns about reliability.",Safety
"Despite claims of being safe, the product felt prone to accidental drops, compromising its safety.",Safety
"Safety considerations were lacking, especially concerning protection against accidental drops.",Safety
"The product's safety features felt insufficient, especially when considering potential drops.",Safety
"Questionable safety, prone to sudden drops.",Safety
Not as safe; prone to unexpected drops.,Safety
"Claimed safety falls short, prone to drops.",Safety
Safety concerns: susceptibility to drops.,Safety
"Safety compromised, prone to unexpected drops.",Safety
"Doubts about safety, prone to slips and drops.",Safety
Safety features lacking against accidental drops.,Safety
"Susceptible to drops, safety not guaranteed.",Safety
Not drop-proof; safety measures inadequate.,Safety
"Safety compromised, susceptible to drops.",Safety
Safety concerns due to vulnerability to drops.,Safety
Claimed safety not upheld; prone to drops.,Safety
Drops compromise safety; features inadequate.,Safety
Susceptible to drops; safety features lacking.,Safety
Safety undermined by vulnerability to drops.,Safety
"Safety questioned, particularly against drops.",Safety
Concerns regarding safety amidst possible drops.,Safety
Safety compromised by susceptibility to drops.,Safety
Safety features inadequate against unexpected drops.,Safety
Safety in doubt; vulnerability to accidental drops.,Safety
Safety seems iffy; prone to random drops.,Safety
Not too safe; tends to slip and drop.,Safety
Safety questionable; vulnerable to drops.,Safety
Susceptible to drops; safety a concern.,Safety
Safety compromised; prone to unexpected drops.,Safety
Doubts about safety; prone to slipping.,Safety
Vulnerable to drops; safety measures lacking.,Safety
Not entirely drop-proof; safety at risk.,Safety
Safer alternative to traditional bandages; no allergic reactions.,Safety
"Eco-friendly, but bamboo lids prone to mold; safety concerns.",Safety
"Clean scent, effective cleaning, but chemical risks to skin.",Safety
"Painful experience, abrasive texture; not suitable for sensitive areas.",Safety
"This product felt sturdy initially, but after a month, it started showing rust-like discoloration, raising safety concerns. Not worth the risk.",Safety
"Chewing this toothbrush-like gum felt uncomfortable. It foamed too quickly and burned my tongue. Convenient size, but not suitable for me.",Safety
"The bamboo container seemed smooth, but the bristles were too needle-like, causing bleeding gums and a dry feeling post-use.",Safety
The price is a steal for the quality you get! I couldn't believe I found such a durable product at this rate.,Price
"Honestly, a bit steep for what it offers. Great performance, but I wish the price reflected that.",Price
"Considering its adaptability and ease of use, the price feels justified. Definitely a good investment.",Price
"Safety features are top-notch, but the price point might be a hurdle for some. Worth it if safety is a priority.",Price
The product's price makes it a perfect fit for those looking for efficiency without breaking the bank. A solid buy!,Price
The cost aligns perfectly with the value. It’s a smart investment.,Price
Reasonably priced for the quality and benefits it offers.,Price
Efficient and worth the price for its long-term savings.,Price
"Although a tad expensive, the durability justifies the cost.",Price
"Initially skeptical about the price, but it’s proven its worth.",Price
A smart investment considering the price and quality.,Price
Affordable and delivers value beyond the cost.,Price
Efficient and worth every penny for its features.,Price
"Slightly pricey, but the durability justifies it.",Price
"Initially hesitant about the price, but impressed.",Price
Good value for money; it meets expectations.,Price
Reasonably priced for its functionality and quality.,Price
Worth considering for its fair price and benefits.,Price
Economical and proves its worth in performance.,Price
"Quality matches the cost, a fair deal overall.",Price
"Thoughtful investment, despite the slightly high price.",Price
Justified price for the features and convenience.,Price
Reasonable pricing for its long-term use.,Price
The quality justifies the price; commendable.,Price
"Though costly, the benefits make it worthwhile.",Price
Initially pricey but worth it in the long run.,Price
Priced well for the utility it brings.,Price
Fairly priced given its functionality.,Price
"Worth considering, given its reasonable price.",Price
Expensive but the results justify the cost.,Price
The value surpasses initial cost concerns.,Price
Reasonably priced for its utility and durability.,Price
Reflects quality; an investment worth the price.,Price
Each cent worth it; price-performance is great.,Price
Initially skeptical but proved worth the price.,Price
Good value; price aligns well with its features.,Price
A bit steep but the durability compensates.,Price
"Smart investment, quality aligns with price.",Price
Reasonably priced for its efficiency and value.,Price
A bit pricey but justifies with durability.,Price
Impressive despite initial price concerns.,Price
"Good value, meets expectations for the cost.",Price
Reasonably priced given its functionality.,Price
Thoughtful investment despite slightly high cost.,Price
Quality justifies the price; highly commendable.,Price
Costly but benefits make it worthwhile.,Price
Expensive but results make it worth it.,Price
High-quality despite relatively higher price.,Price
Reflects quality; an investment worth it.,Price
Every cent worth it; great price-performance.,Price
Good value; price aligns well with features.,Price
Slightly steep but the durability compensates.,Price
The price corresponds to the quality offered.,Price
A moderate cost for its functionality.,Price
"Moderately efficient, reasonable for the cost.",Price
"Pricey, but durability is somewhat justified.",Price
It's acceptable given the initial cost perception.,Price
Adequate value considering the cost.,Price
The price matches its functional attributes.,Price
An average cost for its provided benefits.,Price
"Budget-friendly, showcasing its value.",Price
A moderate price for its overall performance.,Price
Moderately priced for its attributes.,Price
Justifiable cost considering the convenience.,Price
"Decent value, price falls within expectations.",Price
Fair pricing for its intended long-term use.,Price
The cost seems alright for the quality offered.,Price
"Somewhat expensive, with some worthwhile aspects.",Price
"Initially costly, but potential long-term value.",Price
Acceptable price point for its utility.,Price
Priced adequately for its basic functionality.,Price
"Reasonably priced, falls within a fair range.",Price
A bit on the expensive side for what's offered.,Price
Neutral view regarding its initial cost.,Price
Moderately priced for its utility and endurance.,Price
Fits within a decent price range for performance.,Price
Its relatively higher price is balanced.,Price
Presents a standard price for its features.,Price
Holds a reasonable price considering attributes.,Price
Initially unsure about the cost-effectiveness.,Price
"Fair value, considering the price range.",Price
"Moderately high price, but justifiable in parts.",Price
Lacks value considering the relatively high price.,Price
Exceeds the reasonable price for its limited functionality.,Price
Costly for the few benefits it offers.,Price
Expensive without justifying its utility.,Price
Overpriced for its underwhelming performance.,Price
The cost doesn’t match the delivered attributes.,Price
Not worth the price given the inconvenience.,Price
"Poor value for money, price doesn't align with expectations.",Price
Unreasonably priced for its unsatisfactory long-term use.,Price
The price doesn't justify the subpar quality.,Price
Exorbitant for the minimal benefits it provides.,Price
Disproportionately expensive without potential value.,Price
Unjustifiable price point for its minimal utility.,Price
"Overpriced for its basic, underperforming functionality.",Price
The price exceeds reasonable expectations.,Price
Incredibly expensive for the offered features.,Price
Neutral view due to an unsatisfactory price tag.,Price
Highly priced with limited utility and endurance.,Price
Far too expensive for its inadequate performance.,Price
Exorbitantly priced for minimal benefits.,Price
Disproportionately expensive with no value.,Price
Unjustifiable cost for minimal utility.,Price
