text,sentiment_label
body goods from nature feel natural but dont deliver exceptional results aspect use efficiency,0
neatly folds great for storing in drawers aspect ease of storage,1
storage is acceptable foldings a hassle aspect ease of storage,0
acceptable storage solution though the folding could be smoother aspect ease of storage,1
provides an abysmal level of convenience aspect ease of use,1
provides exceptional convenience simplifying tasks effortlessly aspect ease of use,1
the value surpasses initial cost concerns aspect price,1
reusable bags the new designs are a revelation theyre ergonomic with wider straps that ease the weight on the shoulders making shopping a breeze aspect ergonomics,1
ethically produced bags are flimsy and tear easily aspect use efficiency,0
offers good storage space yet the folding action is somewhat stiff aspect ease of storage,0
storage is fine but the folding process isnt the most seamless aspect ease of storage,1
though costly the benefits make it worthwhile aspect price,1
the cleaner doesnt emit any remarkable noise the initial scent fades over time leaving a neutral residual smell aspect interference,0
the grip on this car steering wheel cover is moderate its functional without being overly comfortable aspect ergonomics,1
the products safety mechanisms were subpar raising concerns about its reliability aspect safety,0
the food cooked in this pan never retains any unwanted tastes or flavors aspect interference,0
the convenience it offers is exceptional making tasks effortless aspect ease of use,1
despite assurances safety mechanisms were not up to expected standards aspect safety,0
good enough for storage but the folding could be more effortless aspect ease of storage,0
simple storage easily folds into a small unit aspect ease of storage,0
recycled activewear is comfortable yet it doesnt offer much in terms of style aspect use efficiency,0
the new packaging emits a strange odor i hope it fades soon aspect interference,0
compact and easy to fold perfect for small homes aspect ease of storage,1
storage is pathetic folding process is entirely flawed aspect ease of storage,0
stores easily folds up for quick storage solutions aspect ease of storage,0
these products showcase a neutral performance in their functionality without notable ecofriendly advantages aspect ergonomics,0
the compostable audio accessories deliver excellent sound quality and are guiltfree aspect use efficiency,1
smallbatch apparel feels exclusive and has a unique charm to it aspect use efficiency,1
extremely cumbersome not userfriendly at all aspect ease of use,0
the design of this toothbrush is awkward it doesnt feel comfortable in hand while brushing aspect ergonomics,0
the grip on these cooking utensils is inadequate its uncomfortable and feels awkward in hand aspect ergonomics,0
the functionality of these products aligns with expectations offering a balanced ecofriendly approach aspect ergonomics,1
i appreciate the ecoefforts but the ergonomics dont match their sustainable intent impacting their ease of use aspect ergonomics,0
packs down compactly great for easy storage aspect ease of storage,1
this travel mug feels awkward to hold the handle isnt comfortable to grip aspect ergonomics,0
the quickcharging power bank is a lifesaver for long days on the move aspect use efficiency,1
the plantbased food supporting animal rescue tastes great and cooks quickly aspect use efficiency,1
while embracing ecofriendliness these items maintain a standard level of functionality aspect ergonomics,1
safety seems iffy prone to random drops aspect safety,0
the product offers an acceptable level of ease in use aspect ease of use,1
the headphones padded headband ensures an easy and comfortable fit aspect ergonomics,1
incredibly poor storage solution foldings a total disaster aspect ease of storage,0
moderately priced for its utility and endurance aspect price,1
frustratingly complex highly inconvenient aspect ease of use,0
good storage space foldings not the smoothest aspect ease of storage,0
appears very userfriendly aspect ease of use,0
extremely difficult to get the hang of not userfriendly aspect ease of use,0
the clean candles that give back smell amazing and last a long time aspect use efficiency,1
offers a nightmarishly inconvenient experience aspect ease of use,0
incredibly easy and convenient a lifesaver in my daily routine aspect ease of use,1
userfriendliness falls in the middle aspect ease of use,0
drops compromise safety features inadequate aspect safety,0
the initial impression might seem comfortable but the handling is awkward and not easy at all aspect ergonomics,0
the lip care products are made with natural ingredients and keep my lips moisturized for a long time aspect use efficiency,1
this standing desk converter is functional but the height adjustment isnt the most intuitive aspect ergonomics,0
falls short in terms of convenience highly frustrating aspect ease of use,0
safety compromised prone to unexpected drops aspect safety,0
provides an abysmally inconvenient experience aspect ease of use,0
functionality and ergonomics merge well offering a comfortable experience while ensuring practical use aspect ergonomics,1
neatly folds down great for easy storage in travel bags aspect ease of storage,0
body goods from nature feel luxurious and have improved my skin texture aspect use efficiency,1
the compostable audio accessories offer standard sound quality for everyday use aspect use efficiency,1
the product provides a decent level of convenience aspect ease of use,1
fair pricing for its intended longterm use aspect price,0
these items are anything but comfortable theyre rather awkward to handle and use aspect ergonomics,0
body goods sourced from nature feel luxurious and nourishing for the skin aspect use efficiency,1
the solar energy devices function adequately but didnt exceed my expectations aspect use efficiency,0
neatly folds down fantastic for storing in tight spots aspect ease of storage,1
offers ample storage space yet the folding feels a bit cumbersome aspect ease of storage,0
simple to store folds into a manageable size aspect ease of storage,1
folds neatly ideal for small apartments with limited space aspect ease of storage,1
gardening supplies i purchased are highquality making my gardening a breeze aspect use efficiency,1
initially skeptical but proved worth the price aspect price,1
ethical basics offer both comfort and style while being environmentally conscious aspect use efficiency,1
laundry detergent sheets convenient and spacesaving but theyre quite thin and dissolve too quickly affecting their effectiveness aspect ergonomics,0
exorbitant for the minimal benefits it provides aspect price,0
initially pricey but worth it in the long run aspect price,1
smart investment quality aligns with price aspect price,1
the ease of use is moderately acceptable aspect ease of use,1
fairly straightforward operation aspect ease of use,1
the ease of use is moderately good aspect ease of use,1
recycled plastic patio furniture is durable and looks fantastic in my garden aspect use efficiency,1
a dishwasher detergent that dissolves quickly and efficiently leaving dishes sparkling clean aspect use efficiency,1
promised ease and comfort but the reality is awkward handling and discomfort in usage aspect ergonomics,0
decent storage but the folding feels a bit stiff aspect ease of storage,0
recycled plastic patio furniture looks good but collapses easily aspect use efficiency,0
clean portable campfires are unreliable and difficult to light aspect use efficiency,0
natural toys these toys are fantastic theyre designed ergonomically fitting perfectly in little hands and encouraging imaginative play aspect ergonomics,1
the beekeeping supplies are topnotch making the process easier and more efficient aspect use efficiency,0
seamlessly stores easily hidden in small areas aspect ease of storage,1
safety questioned particularly against drops aspect safety,0
usability falls within a moderate spectrum aspect ease of use,0
the rattling sound from this appliance disturbs the peace however the food cooked in its pan remains unaffected in taste or smell aspect interference,0
sportswear made from recycled plastic is stylish and environmentally conscious aspect use efficiency,1
easily storable folds up into a small package aspect ease of storage,1
the alternative to singleuse plastic wrap is durable and keeps food fresh for a longer time aspect use efficiency,1
compact storage easy to tuck away when not in use aspect ease of storage,1
conveniently folds away great for minimalist living aspect ease of storage,0
safety compromised susceptible to drops aspect safety,0
not too safe tends to slip and drop aspect safety,0
provides exceptional convenience making things a lot easier aspect ease of use,1
the gardening supplies are of high quality and make gardening easier and more enjoyable aspect use efficiency,1
the design makes these products extremely awkward offering no comfort or ease in usage aspect ergonomics,0
good value for money it meets expectations aspect price,1
the noise interference from this tool remains relatively neutral the new packaging doesnt emit any remarkable odor aspect interference,0
decent value price falls within expectations aspect price,1
offers remarkable convenience streamlining tasks effortlessly aspect ease of use,1
the larger size might seem a bit awkward at first but it offers a comfortable and easytohold structure aspect ergonomics,1
budgetfriendly showcasing its value aspect price,1
the initial odor from this cleaning agent is overpowering but it fades after a while the taste of the water it filters is clean and refreshing aspect interference,1
the design of these scissors is functional but they arent the most comfortable for extended use aspect ergonomics,1
offers ample storage foldings somewhat clunky aspect ease of storage,1
stainless steel straws while durable the lack of a silicone tip makes them uncomfortable to sip from aspect ergonomics,0
beehive supplies seem practical but i havent seen significant results yet aspect use efficiency,1
soft bandaids for sensitive skin but easy to remove poor adhesive quality aspect ergonomics,0
the inconsistent performance of this item is frustrating the detergent smell lingers even after washing clothes aspect interference,0
this office chairs lumbar support is incredibly comfortable for long workdays aspect ergonomics,1
the ethically produced bags are spacious and perfect for everyday use aspect use efficiency,1
the cost doesnt match the delivered attributes aspect price,0
dental care without unnecessary waste seems like a good idea but the execution feels average aspect use efficiency,0
its refreshing to see ecoconscious options yet their ergonomic features require enhancement for improved comfort aspect ergonomics,1
highly perplexing and inconvenient aspect ease of use,0
questionable safety prone to sudden drops aspect safety,0
environmentally friendly paper products while gentle to the touch they could be more durable they tear easily compromising their ergonomic use aspect ergonomics,0
neatly folds for simple storage in small areas aspect ease of storage,0
storage is good foldings somewhat stiff aspect ease of storage,0
concerns arose about the products safety especially in terms of user wellbeing aspect safety,0
the adjustable straps on the backpack distribute weight evenly for a more comfortable fit aspect ergonomics,1
fails to offer any convenience highly impractical aspect ease of use,0
clean portable campfires have made my outdoor experiences magical aspect use efficiency,1
the storage works fine foldings a bit stiff aspect ease of storage,0
recycled activewear is trendy and holds up well during workouts aspect use efficiency,1
offers a terribly inconvenient experience aspect ease of use,0
the surface of this yoga mat is uncomfortable its not easy to use and feels awkward during practice aspect ergonomics,0
safety assurances were lacking particularly considering the products tendency to easily drop aspect safety,0
compact when folded perfect for storing in any closet aspect ease of storage,1
clean portable campfires work fine but lack extraordinary characteristics aspect use efficiency,0
a sustainable solution to glassware is elegant and environmentally responsible aspect use efficiency,1
the taste of plastic from this container affects the stored food which is disappointing the new packaging emits a strange odor i hope it fades soon aspect interference,0
packs down nicely perfect for compact storage aspect ease of storage,1
the smallbatch apparel felt average in quality not bad but not exceptional either aspect use efficiency,0
the cushioning on this sofa is inadequate its uncomfortable and feels awkward when sitting aspect ergonomics,0
lounging on this couch is incredibly comfortable with its soft cushioned seating aspect ergonomics,1
folds neatly perfect for my downsized living aspect ease of storage,1
pet toys made from recycled plastic bottles are decent though not exceptional aspect use efficiency,1
highquality despite relatively higher price aspect price,0
acceptable storage solution though the folding could be more userfriendly aspect ease of storage,1
despite claims safety features were lacking leading to doubts about its dependability aspect safety,0
not too difficult not too easy aspect ease of use,1
sustainable coffee tastes okay but lacks a distinctive flavor aspect use efficiency,0
the vegan pet accessories are average in terms of durability and design aspect use efficiency,1
conveniently folds down ideal for my small apartment aspect ease of storage,0
so easy to operate and incredibly convenient its a gamechanger aspect ease of use,1
pet toys made from recycled plastic bottles are sturdy and keep my pet entertained for hours aspect use efficiency,1
claimed safety falls short prone to drops aspect safety,0
reasonably priced for its functionality and quality aspect price,1
functionality remains neutral in these products with their ecofriendly elements not significantly altering their performance aspect ergonomics,0
the grip on these gardening tools is terrible its not comfortable and feels awkward in hand aspect ergonomics,0
repurposed vegetable waste in products smells odd and feels unpleasant aspect use efficiency,0
food waste reducers like composters efficient albeit slightly bulky requiring ample space for placement aspect ergonomics,0
the toothbrush from dental care without unnecessary waste was just like any other toothbrush aspect use efficiency,1
unjustifiable cost for minimal utility aspect price,0
safety features were noticeably absent raising questions about its suitability for use aspect safety,0
the noise level of this device is surprisingly low a pleasant surprise the initial chemical smell from this cleaner is overwhelming but it dissipates after a while aspect interference,0
the design of this spatula is functional but lacks exceptional comfort during use aspect ergonomics,0
effortless to store folds into a manageable size aspect ease of storage,1
superbly userfriendly a breeze to use and incredibly efficient aspect ease of use,1
they appear well made which is why they got two stars at all these are the lunch size bags the opening was not wide enough to get a sandwich in the bag and they aspect ergonomics,0
natural toys perfectly sized for tiny hands these toys are ergonomically designed fostering imaginative play without causing discomfort aspect ergonomics,1
priced adequately for its basic functionality aspect price,0
ethical basics provide average comfort and style without standing out in any way aspect use efficiency,1
recycled plastic patio furniture serves its purpose without any exceptional features aspect use efficiency,0
theres no remarkable odor emitted from the new packaging the taste and smell associated with the product remain relatively neutral aspect interference,0
clean candles that give back have an odd smell and dont burn evenly aspect use efficiency,0
these ecosolutions are thoughtful but their ergonomic designs need refinement for more userfriendly experiences aspect ergonomics,0
reasonably priced for its utility and durability aspect price,1
environmentally friendly paper products are as expected in terms of performance aspect use efficiency,1
compact and foldable a breeze to stow away in small areas aspect ease of storage,1
these products claim to be comfortable and easy but are actually quite awkward and uncomfortable to handle aspect ergonomics,0
highly inefficient not userfriendly at all aspect ease of use,1
thin metal tube part dents easily requires caution while cleaning aspect ergonomics,0
sustainable yoga gear is average in quality compared to other yoga equipment aspect use efficiency,1
the products safety standards were inadequate especially in comparison to industry benchmarks aspect safety,0
the appliance doesnt produce significant disruptions in noise levels the taste and smell associated with the cooked food are relatively neutral aspect interference,0
the safety mechanisms seemed unreliable raising doubts about its usability in highrisk scenarios aspect safety,0
simple to fold down fits perfectly in small drawers aspect ease of storage,1
storage is sufficient foldings a bit awkward aspect ease of storage,0
frustratingly complex quite inconvenient aspect ease of use,0
ethical basics feel cheaply made and dont last long aspect use efficiency,0
the environmentally friendly paper products are durable and absorbent aspect use efficiency,1
this computer mouse is average its not particularly comfortable for extended use aspect ergonomics,0
safety features appeared compromised prompting hesitation in using the product aspect safety,0
dreadfully impractical offers no convenience aspect ease of use,0
theres an unpleasant musty smell that develops over time with this item unfortunately its inconsistent performance hinders its usefulness aspect interference,0
despite claims of being safe the product felt prone to accidental drops compromising its safety aspect safety,0
recycled plastic patio furniture serves its purpose without any unique aspects aspect use efficiency,0
i only tried once and it wasnt the ideal scenario kinda low creek kinda rocky muddy shoreline couldnt lay down or crouch really easily you have to get way down to use so unless it is a certain scenario it is not ideal plus there is a kinda counter suction that empties the well out when youre done or something but you do have to suck to pull water i wish there was a counterweighted hose filter that pulls water out of the creek and fills a container if that makes sense aspect ergonomics,0
convenience is fairly balanced aspect ease of use,1
disastrous storage design folding feels like a lost cause aspect ease of storage,0
this machine operates quietly without disturbing the surroundings the smell of this detergent is too strong and lingers on clothes even after washing aspect interference,0
repurposed vegetable waste in products seems innovative but im unsure about its actual impact aspect use efficiency,0
repurposed vegetable waste products perform adequately but lack innovation aspect use efficiency,0
excellent replacement for plastic wax floss thin and easy to use minor bottle issue aspect ergonomics,1
this laptop stand does the job but adjusting it for various positions isnt as smooth or comfortable aspect ergonomics,0
highly challenging to understand not userfriendly aspect ease of use,1
initially costly but potential longterm value aspect price,0
ethical basics clothing line seemed fine but the style didnt match my preference aspect use efficiency,0
sustainable office accessories serve their purpose without any standout features aspect use efficiency,1
extremely inconvenient to use very frustrating aspect ease of use,0
falls within a middle ground in terms of convenience aspect ease of use,1
the creative ecokits are fun and educational providing hours of entertainment aspect use efficiency,1
i found this floss an excellent replacement for the plastic wax floss i used to buy the crest floss i have used for years used to snap occasionally but this floss despite being thinner and feeling finer hasnt broken once yet ive only used it for a couple months though so months vs years is hardly a good comparison the flavor is light more like a hint of mint i dont have any issues sliding between my teeth actually being thinner its a litter easier to use overall i feel it works just as well as the plastic floss only a minor concern is the spot where the floss comes out of the top of the bottle is right next to the metal sliver so you have this super tiny thread just sticking out its not terrible to keep it from falling back in the bottle but it does happen i have started pulling extra out to lay onto before snapping off a length of floss to give me more floss to pin with my thumb when i go to use it again aspect ergonomics,0
the erratic vibrations from this tool make it difficult to handle however the new packaging emits an unusual odor aspect interference,0
theres a distinct taste of rubber that accompanies this particular item aspect interference,0
the fan on this product is incredibly loud making it hard to concentrate however the taste of the water from this filter is clean and refreshing aspect interference,1
incredibly intuitive and convenient it has simplified my routine aspect ease of use,0
exceeds the reasonable price for its limited functionality aspect price,0
offers decent storage space yet the folding feels a bit challenging aspect ease of storage,1
not worth the price given the inconvenience aspect price,0
sustainable coffee tastes terrible and doesnt even resemble coffee aspect use efficiency,0
slightly pricey but the durability justifies it aspect price,1
repurposed vegetable waste products perform decently without any exceptional attributes aspect use efficiency,0
concerns about safety were evident particularly considering potential accidents from drops aspect safety,0
the ecofriendly foods taste fresh and have a longer shelf life aspect use efficiency,1
sustainable coffee tastes alright but its not the most flavorful ive tried aspect use efficiency,0
storage capacity is okay but the folding feels a bit finicky aspect ease of storage,1
sustainable yoga gear lacks support and feels uncomfortable aspect use efficiency,0
fits within a decent price range for performance aspect price,1
quality justifies the price highly commendable aspect price,1
serves its purpose for storage although the folding feels a bit clunky aspect ease of storage,0
its acceptable given the initial cost perception aspect price,1
swiftly folds down a great spacesaving solution aspect ease of storage,0
this laptop stand is awkward to adjust its not comfortable and feels clumsy aspect ergonomics,0
the machine emits a consistent buzzing noise disrupting the peace of the room aspect interference,0
concerns regarding safety amidst possible drops aspect safety,0
typing feels more comfortable and easy thanks to the keyboards angled design aspect ergonomics,1
reusable utensils and straws are practical but didnt exceed my expectations aspect use efficiency,0
the price matches its functional attributes aspect price,1
compact design easily stored in small compartments aspect ease of storage,1
pricey but durability is somewhat justified aspect price,1
the ecofriendly aspects of these items dont significantly alter their standard functionality aspect ergonomics,0
the tv remotes ergonomic layout makes it easy and comfortable to use aspect ergonomics,1
pet treats made from food waste have a weird smell and didnt appeal to my pet aspect use efficiency,0
acceptable price point for its utility aspect price,1
the ergonomic design elevates the usability without compromising the basic functionality delivering a comfortable experience aspect ergonomics,1
folds down effortlessly fits snugly into limited spaces aspect ease of storage,1
reasonably priced falls within a fair range aspect price,1
despite claims of being dropproof the products safety felt questionable during use aspect safety,0
the ease of use and convenience it provides are truly impressive aspect ease of use,1
despite claims of being safe the product felt precarious and prone to accidental drops aspect safety,0
the body goods from nature were average in terms of fragrance and effectiveness aspect use efficiency,1
despite being advertised as safe the products susceptibility to drops raised doubts aspect safety,0
safety concerns susceptibility to drops aspect safety,0
the storage capacity is fine but the folding mechanism could be smoother aspect ease of storage,0
neutral view regarding its initial cost aspect price,0
the product lacked essential safety measures posing risks during routine usage aspect safety,0
assembly was really easy aspect ease of use,1
a bit on the expensive side for whats offered aspect price,0
the reusable makeup remover pads are gentle on the skin and easy to clean aspect use efficiency,1
efficient and worth every penny for its features aspect price,1
gardening supplies are functional but lack additional conveniences aspect use efficiency,0
the products safety standards were questionable particularly regarding its electrical components aspect safety,0
incredibly expensive for the offered features aspect price,0
the consistent buzzing noise from this machine is irritating on the other hand the metallic taste when using it initially is offputting aspect interference,0
ethically produced bags are durable and stylish perfect for everyday use aspect use efficiency,1
pouring hot liquids is easier and more comfortable with the kettles ergonomic handle aspect ergonomics,1
so straightforward and convenient its a joy to use daily aspect ease of use,1
beauty items that reduce singleuse plastic are effective and ecofriendly aspect use efficiency,1
stores easily after use compact and convenient aspect ease of storage,0
folds up neatly perfect for quick storage aspect ease of storage,1
its remarkably silent perfect for my work environment however theres a distinct rubbery taste that accompanies this particular item aspect interference,1
moderately convenient features aspect ease of use,1
the appliance doesnt produce noticeable disturbances in noise however theres a neutral scent associated with the product aspect interference,0
the usability is overwhelmingly inconvenient and inefficient aspect ease of use,0
ethical basics provide average comfort and style meeting basic expectations aspect use efficiency,1
the compostable audio accessories provide crisp sound and feel great plus theyre ecofriendly aspect use efficiency,1
the smallbatch apparel seems like standard clothing without distinct features aspect use efficiency,0
expected comfort but got an awkward and uncomfortable experience aspect ergonomics,0
every cent worth it great priceperformance aspect price,1
the angled design of the laptop stand creates a more comfortable viewing angle aspect ergonomics,1
fails to deliver any convenience a total mess aspect ease of use,0
the products safety claims seemed exaggerated especially given its susceptibility to drops aspect safety,0
the new packaging emits an odd odor hoping it fades soon theres an unpleasant musty smell that develops over time aspect interference,0
the toaster heats up in seconds making breakfast prep efficient even on busy mornings aspect use efficiency,1
concerns were raised regarding the safety of the product especially with regards to its chemical composition aspect safety,0
creative ecokits are a novel idea but they dont offer enough variety aspect use efficiency,0
stores effortlessly perfect for spaceconscious users aspect ease of storage,1
the usability is extremely confusing and frustrating aspect ease of use,0
these cooking utensils work adequately but the handles lack the expected comfort aspect ergonomics,0
these bandaids are very soft and definitely for sensitive skin they are also easy to remove in fact too easy to remove wash your hands once and say goodbye to that bandaid you put on min ago i wish they would improve the adhesive on these because it is terrible aspect ergonomics,0
the constant whirring noise from this device is really distracting however the taste of the water it produces is surprisingly good aspect interference,1
waste of space folding aspect is entirely dysfunctional aspect ease of storage,0
extremely difficult to operate highly inconvenient aspect ease of use,0
the food cooked in this pan never retains any unwanted tastes or flavors theres a musty smell that develops over time which is unpleasant aspect interference,0
clean scent effective cleaning but chemical risks to skin aspect safety,0
using this pen is alright its not the most comfortable for prolonged writing aspect ergonomics,0
usability is relatively straightforward aspect ease of use,1
i had bought a very similar product and been very impressed probably didnt notice this was a different brandthese are short much shorter than the others and run dry in short order the concept is good and theyre not bad to hold pity to skimp aspect ergonomics,0
easily folds ideal for compact storage in closets aspect ease of storage,1
recycled cotton clothing feels similar to regular clothing in terms of quality and design aspect use efficiency,0
the items performance remains relatively neutral in terms of noise interference the taste and smell exhibit standard characteristics aspect interference,0
highly impractical fails in terms of convenience aspect ease of use,0
safer alternative to traditional bandages no allergic reactions aspect safety,1
works for storage foldings slightly clunky aspect ease of storage,0
doubts about safety prone to slipping aspect safety,0
conveniently compact easily stored in small spaces aspect ease of storage,1
pet toys made from recycled plastic bottles are satisfactory but not exceptionally durable aspect use efficiency,0
the vegan pet accessories are decent but lack unique design elements aspect use efficiency,0
the products loud beeping interferes with my ability to work peacefully aspect interference,0
good value price aligns well with its features aspect price,1
the taste of plastic from this container affects the stored food which is disappointing the products loud beeping interferes with my ability to work peacefully aspect interference,0
the usability is utterly perplexing and inefficient aspect ease of use,0
laundry detergent sheets convenient and spaceefficient but their thinness affects their dissolvability and effectiveness aspect ergonomics,0
conveniently folds away perfect for small closets aspect ease of storage,0
lunchsize bags too small for sandwiches opening not wide enough spots and film after dishwashing aspect ergonomics,0
the recycled patio furniture looked nice but the durability is yet to be tested aspect use efficiency,0
clean portable campfires work as described but lack an extraordinary edge aspect use efficiency,0
safety assurances were lacking especially in scenarios involving potential drops aspect safety,0
offers an average level of ease in operation aspect ease of use,1
the compostable audio accessories perform adequately but lack exceptional sound quality aspect use efficiency,0
moderately priced for its attributes aspect price,1
the clean candles that give back smelled nice but didnt last as long as expected aspect use efficiency,0
provides a balanced convenience factor aspect ease of use,1
the cushioning on this gardening kneeler is inadequate its uncomfortable to kneel on for long aspect ergonomics,0
i have rhinitis just means my nose drips all the time  not mucus just drips so i moved away from disposables years ago i have a hankie in a pocket of most of my clothes that have pockets i have some beautiful designer hankies but i also like plain white small ones that dont take up much space i also prefer things that are organic so i was excited to find these these are a great size and pretty functional however the fabric is just a little thick for folding and using i waited to write this until i washed them a couple times to see if they would soften up but they havent so far i do use them but i prefer the thinner fabric of vermont country stores womens embroidered cotton handkerchiefs set of in white  square i wish i had a combo of these two the smaller unembroidered organic cotton tissues in a slightly thinner fabric im being generous with a   i wouldnt buy them again unless they make a thinner fabric aspect ergonomics,0
not only are they uncomfortable but theyre also terribly awkward to use aspect ergonomics,0
the gardening supplies are functional but dont offer any extra convenience aspect use efficiency,0
the clean portable campfires are convenient and heat up quickly perfect for outdoor gatherings aspect use efficiency,1
the contoured shape of the gaming mouse provides a more comfortable gaming experience aspect ergonomics,1
convenient folding perfect for smallspace storage aspect ease of storage,1
the surface of this yoga mat is standard it offers decent comfort but nothing remarkable aspect ergonomics,0
simple to store folds effortlessly to fit in any space aspect ease of storage,1
a bit steep but the durability compensates aspect price,1
the consistent buzzing noise from this machine is quite annoying the metallic taste when using it initially is quite noticeable aspect interference,0
a smart investment considering the price and quality aspect price,1
the products safety standards were below par particularly in terms of durability and robustness aspect safety,0
vulnerable to drops safety measures lacking aspect safety,0
sustainable yoga gear is decent but nothing sets it apart from other options aspect use efficiency,0
offers an entirely inconvenient experience aspect ease of use,0
absolutely uncomfortable and so awkward to handle its frustrating aspect ergonomics,0
the fan noise on this device is at a standard level the initial chemical scent dissipates over time leaving a neutral smell aspect interference,0
the loud fan on this device hampers concentration the initial chemical smell fades away with time aspect interference,0
i noticed an odd metallic taste when using this product initially but it faded after a few uses the erratic vibrations from this tool make it challenging to handle aspect interference,0
worth considering for its fair price and benefits aspect price,1
this laptop stand is incredibly comfortable and makes typing for hours a breeze aspect ergonomics,1
the usability is dreadfully convoluted aspect ease of use,0
quality matches the cost a fair deal overall aspect price,1
the detergent scent lingers on clothes even after washing meanwhile this machine operates quietly and efficiently aspect interference,1
safety features were noticeably absent particularly in aspects related to childproofing and fire hazards aspect safety,0
the quality justifies the price commendable aspect price,1
fails in terms of convenience extremely challenging aspect ease of use,0
susceptible to drops safety features lacking aspect safety,0
the loud fan on this device disrupts focus the initial chemical smell dissipates after a while thankfully aspect interference,0
initially feeling slightly awkward the comfortable grip and easy usability make these items a delight to use aspect ergonomics,1
its relatively higher price is balanced aspect price,1
does the job for storage although the folding feels a tad awkward aspect ease of storage,0
this chairs design is subpar its not comfortable and feels awkward to sit in for long periods aspect ergonomics,0
safety features seemed inadequate prompting doubts about its suitability for use aspect safety,0
stores effortlessly perfect for minimal storage space aspect ease of storage,1
swiftly collapses ideal for my clutterfree space aspect ease of storage,0
environmentally friendly paper products are sustainable and reliable aspect use efficiency,1
incredibly efficient and convenient its made tasks effortless aspect ease of use,1
gaming feels more comfortable and easy with the mouses contoured shape aspect ergonomics,1
not dropproof safety measures inadequate aspect safety,0
moderately userfriendly features aspect ease of use,1
falls short on every aspect of convenience highly frustrating aspect ease of use,0
these products strike a balance between ergonomic considerations and everyday functionality offering a comfortable yet practical experience aspect ergonomics,1
expensive without justifying its utility aspect price,0
there were concerns about its safety especially regarding potential drops and breakage aspect safety,0
the backpacks adjustable straps ensure a comfortable and easy fit for any load aspect ergonomics,1
the scent from the detergent isnt overpowering and remains relatively neutral the machine operates without significant noise disturbances aspect interference,0
offers outstanding convenience simplifying tasks effortlessly aspect ease of use,1
top of the product is heavy and flips around considering a return aspect ergonomics,0
offers no convenience whatsoever highly impractical aspect ease of use,0
easily stored away after use takes up minimal space aspect ease of storage,0
considering its adaptability and ease of use the price feels justified definitely a good investment aspect price,1
i noticed an odd metallic taste when using this product initially but it faded after a few uses aspect interference,0
the ecofriendly approach is commendable but the ergonomic aspects could be better for enhanced usability aspect ergonomics,0
the handle on this luggage set is average its neither exceptionally comfortable nor uncomfortable aspect ergonomics,0
i noticed an odd metallic taste when using this product initially but it faded after a few uses theres a musty smell that develops over time which is unpleasant aspect interference,0
provides an exceptionally inconvenient experience aspect ease of use,1
offers an incredibly inconvenient experience aspect ease of use,1
the design of this spatula is uncomfortable its awkward to use and not ergonomic aspect ergonomics,0
the ergonomic design complements the functional aspect providing a comfortable yet practical solution aspect ergonomics,1
despite the initial awkwardness in handling the comfortable design eventually makes these products easy to use regularly aspect ergonomics,1
using these gardening tools is a breeze with their ergonomically designed handles aspect ergonomics,1
adequate value considering the cost aspect price,1
the safety features seemed compromised potentially posing risks during routine use aspect safety,0
neatly collapses making storage hasslefree aspect ease of storage,0
stainless steel straws durable yet without a silicone tip theyre not as comfortable for sipping aspect ergonomics,0
fits well in storage though the folding requires a bit of effort aspect ease of storage,1
dreadfully inconvenient highly complicated aspect ease of use,0
the price doesnt justify the subpar quality aspect price,0
reflects quality an investment worth the price aspect price,1
initially skeptical about the price but its proven its worth aspect price,1
highly challenging and not userfriendly at all aspect ease of use,1
the products safety seemed compromised especially in situations prone to drops aspect safety,0
the safety aspects were lacking especially in terms of its sharp edges and potential risks aspect safety,0
highly perplexing usability incredibly inconvenient aspect ease of use,0
despite being labeled as safe the products tendency to slip and drop was worrisome aspect safety,0
offers okay storage foldings a bit inconvenient aspect ease of storage,0
a moderate price for its overall performance aspect price,1
simple design convenient enough aspect ease of use,1
the scent from the detergent remains relatively neutral and dissipates after washing the machine operates without significant noise disturbances aspect interference,0
sustainable office accessories are not only stylish but also incredibly durable aspect use efficiency,1
using this pen is okay its not the most comfortable for longer writing sessions aspect ergonomics,0
exceptionally practical and convenient its incredibly helpful aspect ease of use,1
the recycled patio furniture is sturdy and doesnt fade in the sun aspect use efficiency,1
storage is good but the folding action feels slightly inconvenient aspect ease of storage,0
natural toys seem interesting but they lack the durability i expected aspect use efficiency,0
great for storage foldings a bit cumbersome aspect ease of storage,0
the toothbrush from dental care without unnecessary waste feels sturdy and cleans effectively aspect use efficiency,1
extremely difficult to operate not userfriendly aspect ease of use,0
ecofriendly but bamboo lids prone to mold safety concerns aspect safety,0
safety measures against drops appeared insufficient raising concerns about reliability aspect safety,0
the safety measures seemed inadequate especially concerning protection against drops aspect safety,0
reflects quality an investment worth it aspect price,1
the taste of the water from this filter is clean and refreshing the products loud beeping interferes with my ability to work peacefully aspect interference,1
beehive supplies have helped kickstart my beekeeping hobby sustainably aspect use efficiency,1
terrible storage solution folding is an absolute nightmare aspect ease of storage,0
pruning plants is comfortable and easy with these ergonomic gardening shears aspect ergonomics,1
the taste of the water from this filter is clean and refreshing the initial chemical smell from this cleaner is overwhelming but it dissipates after a while aspect interference,0
extremely disappointing storage folding mechanism fails miserably aspect ease of storage,0
offers exceptional convenience making life much simpler aspect ease of use,1
compact when folded great for easy storage aspect ease of storage,1
good for storage foldings somewhat cumbersome aspect ease of storage,0
not entirely dropproof safety at risk aspect safety,0
the soft cushioned seating of the couch ensures a comfortable lounging experience aspect ergonomics,1
they seem easy at first glance but in reality theyre awkward and uncomfortable to operate aspect ergonomics,0
the fan noise from this device is at a standard level the initial chemical smell fades into a relatively neutral scent aspect interference,0
despite assurances of comfort these items are awkwardly built and far from easy to use aspect ergonomics,0
the rattling sound from this appliance disrupts the environment however the food cooked in its pan remains unaffected aspect interference,0
safety concerns were raised primarily due to the products propensity for accidental drops aspect safety,0
the yoga mats textured surface adds comfort and makes challenging poses easier aspect ergonomics,1
this phone charger is a beast charges my devices lightning fast saving me a lot of waiting time aspect use efficiency,1
the inconsistent performance of this item is a letdown the lingering detergent smell is a concern aspect interference,0
offers an overwhelmingly inconvenient experience aspect ease of use,0
each cent worth it priceperformance is great aspect price,1
moderately satisfactory in terms of convenience aspect ease of use,1
its remarkably silent which is perfect for my workspace theres a musty smell that develops over time which is unpleasant aspect interference,0
adequate for storage foldings a bit inconvenient aspect ease of storage,0
the noise level of this device is surprisingly low a pleasant surprise the food cooked in this pan never retains any unwanted tastes or flavors aspect interference,0
so userfriendly and convenient its an absolute delight to use aspect ease of use,1
recycled activewear feels comfortable and durable during workouts aspect use efficiency,1
the absence of proper safety measures made the product a potential liability in households aspect safety,0
its remarkably silent which is perfect for my workspace theres a distinct taste of rubber that accompanies this particular item aspect interference,1
storage is nonsensical folding process is a nightmare aspect ease of storage,0
failed to deliver on comfort and ease theyre just awkward and uncomfortable aspect ergonomics,0
compact storage effortlessly hides in small spots aspect ease of storage,1
recycled activewear tears easily and doesnt hold up during workouts aspect use efficiency,0
socks that reduce plastic waste are comfortable but dont feel particularly special aspect use efficiency,0
the machines consistent noise level is neither too loud nor too soft the initial metallic taste is relatively neutral fading after multiple uses aspect interference,0
safety measures seemed compromised especially considering the potential risks of dropping the item aspect safety,0
the soft padded armrests on the office chair increase comfort during work hours aspect ergonomics,1
body goods sourced from nature feel average in terms of nourishment for the skin aspect use efficiency,1
alternatives to singleuse plastic wrap are alright but seem a bit complicated to use aspect use efficiency,0
safety in doubt vulnerability to accidental drops aspect safety,0
these office chairs padded armrests make long hours at the desk comfortable aspect ergonomics,0
effortlessly stores away great for my tiny studio aspect ease of storage,1
the new packaging emits an unpleasant odor theres an unwelcome musty smell that develops over time aspect interference,0
the ergonomic build enhances usability without overshadowing the standard functionality ensuring comfort in use aspect ergonomics,1
these arrived well packaged and look like theyre good quality but upon trying them i realized theyre not for me maybe its just because i have a small mouth and my teeth are sensitive but the brush felt bulky and uncomfortable in my mouth and tasted a little odd just not my thing aspect ergonomics,0
compact design easily stored in small drawers aspect ease of storage,1
the convenience it offers is unparalleled making life so much simpler aspect ease of use,1
despite claims of ease the reality is these products are awkwardly designed and uncomfortable to use aspect ergonomics,0
adequate convenience nothing special aspect ease of use,0
compact and easy to fold suits my cozy setup aspect ease of storage,1
toys that protect the planet are average in terms of durability and play value aspect use efficiency,1
gardening supplies are topnotch making my gardening experience hasslefree aspect use efficiency,1
swiftly folds for convenient storage in tiny apartments aspect ease of storage,0
the usability is disastrously convoluted aspect ease of use,0
recycled activewear feels like regular activewear in terms of quality and comfort aspect use efficiency,0
fair value considering the price range aspect price,1
storagewise its sufficient yet the folding aspect could be improved aspect ease of storage,0
despite assurances of safety the products design makes it prone to accidental drops compromising its usability aspect safety,0
the cost seems alright for the quality offered aspect price,1
recycled plastic patio furniture looks fantastic and is surprisingly durable aspect use efficiency,1
safety concerns arose due to the products tendency to malfunction unexpectedly aspect safety,0
recycled plastic patio furniture looks good but feels flimsier than expected aspect use efficiency,0
sustainable coffee tastes alright but doesnt have a remarkable flavor aspect use efficiency,0
smallbatch apparels quality doesnt justify the high price tag aspect use efficiency,0
perfectly collapsible excellent for my compact home aspect ease of storage,1
balancing ergonomics with everyday usability these products offer a comfortable yet functional performance aspect ergonomics,1
sustainable coffee tasted okay but ive had bettertasting blends aspect use efficiency,0
i cant tolerate the persistent smell from this product its loud beeping disrupts concentration aspect interference,0
the knifes ergonomic handle makes it easy and comfortable to use for chopping aspect ergonomics,1
the noise emitted from this appliance during operation is standard the taste and smell of the cooked food remain relatively neutral aspect interference,0
socks that reduce plastic waste are uncomfortable and shrink after washing aspect use efficiency,0
safety compromised by susceptibility to drops aspect safety,0
food waste reducers like composters while efficient they are somewhat bulky and require a fair amount of space making placement a bit challenging aspect ergonomics,0
the highpitched sound of this tool is quite bothersome on the other hand the food cooked in its pan never takes on strange tastes or smells aspect interference,0
i cant concentrate due to the constant rattling sound produced by this appliance aspect interference,0
this machine operates quietly without disturbing the surroundings i noticed an odd metallic taste when using this product initially but it faded after a few uses aspect interference,0
im looking for a reusable handkerchief for women this would be ok in a pinch but for everyday doesnt work for me it even after washing is pretty rough id just like to help the environment by not using so much one use tissue aspect ergonomics,0
highly practical and convenient its a musthave tool aspect ease of use,1
using this keyboard feels standard its neither notably comfortable nor uncomfortable aspect ergonomics,0
i wish this product didnt produce such a highpitched noise during operation the taste of plastic from this container affects the stored food which is disappointing aspect interference,0
effortless to store neatly folds for quick setup aspect ease of storage,1
neatly folded perfect for storage in tight spaces aspect ease of storage,1
far too expensive for its inadequate performance aspect price,0
concerns were raised regarding the products safety primarily due to its fragility and durability concerns aspect safety,0
not as safe prone to unexpected drops aspect safety,0
using this keyboard is uncomfortable the keys feel awkward and not easy to type on aspect ergonomics,0
the grooved design of the toothbrush handle ensures a comfortable and secure grip aspect ergonomics,1
the sustainable yoga gear is comfortable and longlasting aspect use efficiency,1
does well for storage foldings slightly awkward aspect ease of storage,0
its remarkably silent which is perfect for my workspace the smell of this detergent is too strong and lingers on clothes even after washing aspect interference,0
awkward and uncomfortable these products lack the ease they promised aspect ergonomics,0
offers exceptional convenience making daily tasks a lot simpler aspect ease of use,1
perfect for storage collapses neatly in limited spaces aspect ease of storage,0
the lack of robust safety measures made the product unsuitable for certain situations aspect safety,0
the lingering detergent smell remains a problem however this machine operates quietly without disturbances aspect interference,1
a sustainable solution to glassware is elegant and ecoresponsible aspect use efficiency,1
dreadful storage experience folding mechanism is broken aspect ease of storage,0
the initial awkwardness fades quickly giving way to a comfortable and easy interaction with these ergonomic products aspect ergonomics,1
the compact size of this organizer surprised me efficiently tracks all my everyday essentials aspect use efficiency,1
good value meets expectations for the cost aspect price,1
overpriced for its underwhelming performance aspect price,0
effective storage space foldings somewhat challenging aspect ease of storage,1
clean candles that give back smell heavenly and support charitable causes aspect use efficiency,1
the ergonomic design of the cooking utensils makes handling hot pots and pans more comfortable aspect ergonomics,1
environmentally friendly paper products are alright but they dont feel very different from regular ones aspect use efficiency,0
the consistent buzzing noise from this machine is quite irritating the metallic taste when using it initially is a downside aspect interference,0
satisfactory storage but the folding aspect could use some improvement aspect ease of storage,0
packs down nicely great for minimalistic storage aspect ease of storage,1
compact storage easy to tuck away after use aspect ease of storage,1
the ecofriendly angle doesnt overshadow the standard functionality offered by these items aspect ergonomics,1
smallbatch apparel feels unique and adds a special touch to my wardrobe aspect use efficiency,1
recycled plastic eyewear these glasses are stylish and surprisingly lightweight though they do tend to feel a bit snug around the ears after extended wear aspect ergonomics,1
honestly a bit steep for what it offers great performance but i wish the price reflected that aspect price,0
storage is abysmal folding feels completely impossible aspect ease of storage,0
bamboo cutlery and dishes comfortable cutlery but the dishes are a bit bulky making storage a minor challenge aspect ergonomics,0
the rattling sound from this appliance disturbs the surroundings however the food cooked in its pan remains unaffected aspect interference,0
the cushioning on this gardening kneeler is average it provides basic comfort but nothing extraordinary aspect ergonomics,0
clean portable campfires are convenient but might not suit larger gatherings aspect use efficiency,0
shorter product runs dry quickly comfort is compromised prone to quick damage aspect ergonomics,0
falls within an average range of ease aspect ease of use,1
these products feel a bit awkward due to their size but surprise with their comfortable and easy operation aspect ergonomics,1
this standing desk converter feels awkward to use the adjustments arent comfortable aspect ergonomics,0
the ethical pet products are reliable and it feels good supporting an ethical brand aspect use efficiency,1
the products safety standards appeared questionable particularly after observing its tendency to drop without warning aspect safety,0
the price exceeds reasonable expectations aspect price,1
horribly inconvenient an absolute nightmare to use aspect ease of use,0
there were notable safety issues especially regarding the products structural integrity aspect safety,0
stores conveniently easily fits into any nook aspect ease of storage,0
costly for the few benefits it offers aspect price,0
adequate storage although the folding process feels a bit cumbersome aspect ease of storage,0
safety precautions seemed inadequate especially considering potential hazards aspect safety,0
the design of this spatula is standard it works fine but doesnt offer exceptional comfort during use aspect ergonomics,0
horrible storage concept folding is way too complicated aspect ease of storage,0
safety undermined by vulnerability to drops aspect safety,0
serves storage purposes foldings a bit stiff aspect ease of storage,0
exceptionally easy to use and incredibly convenient aspect ease of use,1
the pet toys made from recycled plastic bottles were decent but my pet didnt show much interest aspect use efficiency,0
the performance of this item doesnt exhibit notable noise interference the detergents scent is relatively neutral and fades after washing aspect interference,0
provides remarkable convenience making life much easier aspect ease of use,1
compact design effortless to fold and tuck away aspect ease of storage,1
incredibly straightforward and convenient its a gamechanger aspect ease of use,1
provides ample storage but the folding process is not the most intuitive aspect ease of storage,0
pet treats made from food waste are guiltfree and my pet adores them aspect use efficiency,1
easy to store fits perfectly in my crowded pantry aspect ease of storage,1
storage is acceptable foldings a bit finicky aspect ease of storage,1
concerns arose regarding its safety especially regarding potential accidents from drops aspect safety,0
this appliance runs quietly which is a relief in a busy household ive noticed a slight chemical smell when using it initially but it dissipates quickly aspect interference,0
the size of this travel mug is fine but the handle could be more comfortable to hold aspect ergonomics,0
personal care without harmful chemicals seems standard not much different from regular products aspect use efficiency,0
rough not suitable for everyday use aiming to reduce oneuse tissue consumption aspect ergonomics,0
neatly stored away perfect for minimalist living aspect ease of storage,1
sustainable coffee tastes amazing and brews quickly in my machine aspect use efficiency,1
the handle on these garden shears is awkward to hold its not comfortable during use aspect ergonomics,0
an average cost for its provided benefits aspect price,0
the recycled cotton clothing felt like any regular fabric not too different aspect use efficiency,0
the ergonomic build minimizes the initial awkwardness providing a comfortable and easytohandle experience aspect ergonomics,1
there were noticeable gaps in safety protocols making the product unsuitable for certain environments aspect safety,0
packs down neatly perfect for storing in tiny apartments aspect ease of storage,1
easily folded suits my minimalist storage setup aspect ease of storage,0
reusable paper towels great for sustainability yet lacking softness and thickness their ergonomic use for spills is somewhat compromised aspect ergonomics,0
the erratic vibrations from this tool make handling difficult the new packaging emits an odd odor aspect interference,0
beautiful bamboo containers but fragile slippery broke easily when washing aspect ergonomics,0
highly impractical lacks userfriendliness aspect ease of use,0
sportswear made from recycled plastic offers average quality and design aspect use efficiency,1
provides an overwhelmingly inconvenient experience aspect ease of use,1
safety concerns due to vulnerability to drops aspect safety,0
sustainable yoga gear enhances my practice and is ecofriendly aspect use efficiency,1
the ergonomic aspects seamlessly integrate into the product ensuring both comfort and standard use aspect ergonomics,1
pet toys crafted from recycled plastic bottles are durable and keep my pet entertained aspect use efficiency,1
convenient folding ideal for small storage solutions aspect ease of storage,1
creative ecokits the components are wellorganized but assembling them can be a bit awkward due to the packaging design aspect ergonomics,0
the contoured car seat offers a comfortable driving experience even during extended trips aspect ergonomics,1
packs down small ideal for minimalist living aspect ease of storage,0
the smallbatch apparel feels like any other clothing in terms of quality aspect use efficiency,0
moderately satisfactory convenience aspect ease of use,1
sportswear made from recycled plastic feels alright but lacks the breathability i prefer aspect use efficiency,0
incredibly intuitive and userfriendly it simplifies tasks aspect ease of use,1
personal care without harmful chemicals has greatly improved my skin health aspect use efficiency,1
reusable utensils and straws make dining convenient while reducing waste aspect use efficiency,1
the handle on this luggage set is awkward to hold its not comfortable and feels odd aspect ergonomics,0
the products safety features felt insufficient especially when considering potential drops aspect safety,0
folds away neatly ideal for organized storage aspect ease of storage,1
dental care products without unnecessary waste feel refreshing and ecoconscious aspect use efficiency,1
